"category","question"
"back","What was your high school friendship group like?"
"back","What's the funniest thing that happened on a family trip?"
"back","Which of your scars has the best story behind it?"
"back","What did you and your friends get up to on a Friday night at sixteen?"
"back","What seemed like the most grown-up thing a person could do?"
"back","What's the most heartbreaking loss you remember from junior sport?"
"back","Did you have a pre-game ritual or superstition as a kid?"
"back","How did your family handle arguments when you were growing up?"
"back","How far were you allowed to ride your bike on your own?"
"back","How did your first job interview go?"
"back","When did your mum or dad really surprise you?"
"back","How did you celebrate your 18th?"
"back","What did you do on the internet when you first got it?"
"back","What piece of sporting gear did you treasure as a kid?"
"back","What prediction about your future turned out totally wrong?"
"back","What did your mum always say that you now catch yourself saying?"
"back","What did you plan to name your kids when you were little?"
"back","Did your parents yell from the sidelines, and how did you feel about it?"
"back","What's a time a stranger was unexpectedly kind to you?"
"back","What's a photo of yourself from years ago that you love?"
"back","When did you feel proudest on a sporting field growing up?"
"back","What story about you as a baby have you been told a million times?"
"back","Which teacher, coach, or stranger changed your life without knowing it?"
"back","Did you ever win a ribbon at a sports carnival, and what for?"
"back","When did you realise your parents were just people too?"
"back","What was the strictest rule at your school?"
"back","Which neighbours do you remember most from childhood?"
"back","What's a birthday you'll never forget?"
"back","Who was your first boss, and what were they like?"
"back","What was the soundtrack of your late teens?"
"back","What did your family teach you about money, intentionally or not?"
"back","What's a childhood fear you can laugh about now?"
"back","Which childhood belief about the world have you completely changed your mind on?"
"back","Who was your favourite primary school teacher, and why?"
"back","At what age did you feel most like yourself?"
"back","What's the first thing you remember cooking by yourself?"
"back","What's something you collected or obsessed over when you were young?"
"back","What did your weekends look like when you were ten?"
"back","Was there a local legend or rumour in your childhood neighbourhood?"
"back","Who was the best athlete in your year at school?"
"back","What did you want to escape from about where you grew up?"
"back","What was Christmas Day like at your house?"
"back","Which grand final do you remember watching as a kid, and where were you?"
"back","How many times did you move house growing up, and how did it affect you?"
"back","What was end-of-season trophy night like at your club?"
"back","When did you have to start over somewhere new?"
"back","What did Sunday nights feel like growing up?"
"back","What did you do the summer after Year 12?"
"back","Which grandparent were you closest to, and what did you do together?"
"back","Who was your first best friend, and what did you two get up to?"
"back","What's the best part of being the oldest, youngest, middle or only child?"
"back","What was your favourite toy, and where is it now?"
"back","What did your teachers get right, or wrong, about you?"
"back","What's a moment you felt really proud as a kid?"
"back","What's a risk you took that you're glad you took?"
"back","Which sporting hero did you pretend to be in the backyard?"
"back","What game did you invent as a child?"
"back","Which argument with your parents do you now think they won?"
"back","Which school assignment or project were you really proud of?"
"back","What did your friends call you that your family never did?"
"back","What did you do as a teenager that your parents still don't know about?"
"back","What did your report cards always say about you?"
"back","What's the best thing you ever found or won as a kid?"
"back","Which instrument, craft or skill did you start and then quit?"
"back","What was your house colour at school, and how seriously did you take carnival day?"
"back","What's the worst job you've ever had?"
"back","What did you and your parents bond over as a teenager?"
"back","What games did you play on long car trips as a kid?"
"back","What did you love about being a kid that adults tend to forget?"
"back","What's a family story that gets told again and again?"
"back","Which grown-up did you think was the coolest when you were little?"
"back","What did you believe as a kid that you wish were still true?"
"back","Which place from your childhood doesn't exist anymore?"
"back","Which footy team did your family barrack for, and did you get a say?"
"back","Is there a house you lived in that you still dream about?"
"back","What did a past relationship teach you that you're grateful for?"
"back","Where did the neighbourhood kids gather for kick-to-kick or street games?"
"back","What did your parents worry about with you as a teenager?"
"back","What's something you were terrible at that you've gotten better at?"
"back","What game did you play at lunchtime every single day at school?"
"back","What was the first place that felt like yours, not your parents'?"
"back","What was your social life like at uni or in your first job?"
"back","Which friend from before we met should I hear more stories about?"
"back","What did you love about the suburb or town you grew up in?"
"back","What was the best cubby or fort you ever built?"
"back","What do you know about your grandparents' lives when they were young?"
"back","How did your worst sporting injury as a kid happen?"
"back","What move or trick shot did you practise for hours on your own?"
"back","What's a year of your life you'd love to tell me more about?"
"back","What's the best prank you pulled or had pulled on you?"
"back","What did you get in trouble for most as a kid?"
"back","Was there a present you were secretly disappointed by?"
"back","Which childhood dream have you actually achieved?"
"back","When were you most embarrassed at school?"
"back","What was the first footy jumper or scarf you ever owned?"
"back","What did you do when you couldn't sleep as a kid?"
"back","What was the first thing you bought for your first place?"
"back","What was the best team you ever played in, and what made it click?"
"back","What did summer holidays look like at your place?"
"back","Which trend swept your school that seems ridiculous now?"
"back","What did you ask for at Christmas year after year?"
"back","What were you like as a toddler, according to your family?"
"back","At the swimming carnival, were you a keen competitor or hiding in the stands?"
"back","What was your first car, or the one you remember riding in the most?"
"back","What did your family play together on game nights?"
"back","What was your family like around the dinner table growing up?"
"back","What was your school formal like?"
"back","Who were you closest to growing up, and are you still?"
"back","Which school excursion stands out for you?"
"back","What's a meal from your childhood that still feels like comfort?"
"back","What did you want to study after school, and what did you end up doing?"
"back","Which argument with your parents do you still reckon you won?"
"back","What have you inherited from a family member, whether an object or a habit?"
"back","What's a lesson you learned the hard way early on?"
"back","What did your parents do for work, and what did you think it actually was?"
"back","What did you do with your very first pay?"
"back","Which school friend's family did you practically live with?"
"back","Which movie did you watch so many times you nearly wore it out?"
"back","Was school camp something you loved or something you counted the days through?"
"back","What's the first thing you remember being really passionate about?"
"back","What was your first share house like?"
"back","What's the first date you remember going on?"
"back","Whose house did you love visiting most as a kid?"
"back","When did you feel most free as a teenager?"
"back","How did your parents meet, and when did you first hear the story?"
"back","Who first made you feel genuinely confident?"
"back","Which sporting moment on TV made you leap off the couch as a kid?"
"back","How did your family usually mark birthdays when you were small?"
"back","Where did you and your friends hang out at recess in high school?"
"back","How did you get to school, and what happened along the way?"
"back","Which skill did a grandparent teach you?"
"back","Did you ever have a pen pal or long-distance friend?"
"back","What was your favourite canteen order?"
"back","Was there a family surprise that only came out when you were older?"
"back","What did you spend your pocket money on?"
"back","What did you think your life would look like at the age we are now?"
"back","What did the clubrooms at your junior club look, smell and sound like?"
"back","What did you imagine becoming famous for?"
"back","Do you still have a school award or certificate tucked away somewhere?"
"back","What's your earliest memory, as far as you can tell?"
"back","Did you ever end up in hospital as a kid, and what do you remember?"
"back","Which video game or board game took over your childhood?"
"back","What did home feel like when you were young?"
"back","What's a job you had when you were young that taught you something?"
"back","What were the house rules for backyard cricket at your place?"
"back","Who in your family are you most like, and how?"
"back","What did you imagine being in love would feel like, before you'd felt it?"
"back","What did people in your town do for fun when you were growing up?"
"back","Which compliment from years ago do you still remember?"
"back","What's a small moment from your childhood that shaped you more than people realise?"
"back","What did you daydream about when you should have been paying attention?"
"back","When did you first feel like an adult?"
"back","What was your curfew, and did you stick to it?"
"back","What's a time you stood up for someone, or wish you had?"
"back","Was there something you were scared to tell your parents?"
"back","What's a book or film that changed the way you saw things when you were young?"
"back","What's the first concert or live event you remember going to?"
"back","What was the best present you ever got as a kid?"
"back","What's the biggest thing you changed your mind about in your twenties?"
"back","What's the most memorable thing you ever did with just one parent?"
"back","What's a place from your past you'd love to show me one day?"
"back","What's a story about your parents before they had kids that you love?"
"back","What did watching the adults around you teach you about love and marriage?"
"back","What music did your parents play in the house or the car?"
"back","What was your favourite book as a young kid?"
"back","Who was your closest mate the year before we met?"
"back","Which magazine or comic couldn't you wait to get your hands on?"
"back","How did you spend rainy days as a kid?"
"back","What was your favourite hiding spot as a kid?"
"back","What did you used to do every week that you've let slip?"
"back","Which sport did you try once and never go back to?"
"back","What was the toughest training drill you had to do as a kid?"
"back","What were you really good at as a kid that you've stopped doing?"
"back","How did it feel to finish school?"
"back","What was your first day of high school like?"
"back","What was your nickname growing up, and who gave it to you?"
"back","What did your dad teach you that really stuck?"
"back","What was your role in the family: peacemaker, clown, rebel or something else?"
"back","Which food did you refuse to eat as a kid but love now?"
"back","What did you think you'd look like as a grown-up?"
"back","Where did you live before we met, and what was it like?"
"back","What was it like when a new baby arrived in the family?"
"back","What did you make or draw as a kid that you were proud of?"
"back","What did your street look like when you were growing up?"
"back","How did your family show love: words, hugs, food or something else?"
"back","What did your parents sacrifice for you that you only noticed later?"
"back","What was your first ever mobile phone like?"
"back","What haircut did you have that you'd love to forget?"
"back","Which band or artist did you defend fiercely as a teenager?"
"back","What's the best advice a grandparent or older relative gave you?"
"back","What's a smell or song that instantly takes you back somewhere?"
"back","What's a memory you'd happily relive exactly as it was?"
"back","What was the treat after Saturday morning sport?"
"back","Were you ever picked last in PE, or were you the one doing the picking?"
"back","What was the first thing you ever saved up for?"
"back","Is there a word or phrase your family used that nobody else does?"
"back","Who was your mentor in your first few years of work?"
"back","What hobby did you have before we met that I've never seen you do?"
"back","What was your first proper drink, and how did it go?"
"back","What was your morning routine before school?"
"back","Did you ever sneak out, and where were you going?"
"back","Which subject did you dread most?"
"back","What was the big sporting argument in your family growing up?"
"back","What did you and your friends argue about as kids?"
"back","What was your go-to after-school snack?"
"back","How did you bend the rules on your school uniform?"
"back","What's the first live game you remember going to, and who took you?"
"back","Which subject did you secretly love?"
"back","Did your family have a takeaway night ritual?"
"back","What was your first bike like?"
"back","What was it like moving out of home for the first time?"
"back","Which cartoon character did you most want to be?"
"back","Where's the furthest you'd been from home before we met?"
"back","What did you do the first time you had the house to yourself?"
"back","What was your favourite TV show growing up, and why did it hook you?"
"back","What's a mistake that ended up leading somewhere good?"
"back","Did you have an imaginary friend or a made-up world?"
"back","Who was your first crush, and did they ever know?"
"back","What was usually in your school lunchbox?"
"back","What seemed like the height of luxury to you as a kid?"
"back","Who taught you to drive, and how patient were they?"
"back","What were you hoping for in life right before we met?"
"back","What did your bedroom look like when you were a teenager?"
"back","Did you go on schoolies, and what happened?"
"back","What did you look forward to most each week as a kid?"
"back","When did you get completely lost somewhere, and how did you find your way?"
"back","What's the scariest thing you ever did on a dare?"
"back","What could you see from your bedroom window as a kid?"
"back","What's the most trouble you ever got into at school?"
"back","Which family friend was like an extra aunt or uncle to you?"
"back","What were you known for at school?"
"back","Which decision your parents made do you understand better now?"
"back","What's the bravest thing you did before we met?"
"back","What was the local milk bar or corner shop near your house like?"
"back","What made you feel safe as a child?"
"back","How did you get attention as a kid?"
"back","Which storm, flood, bushfire or heatwave from childhood sticks with you?"
"back","Who was the class clown in your year?"
"back","Who did you sit next to in class for years?"
"back","Who was your first friend at a new school?"
"back","Which night out from your twenties do you still talk about?"
"back","Is there a coach's pep talk or spray you still remember word for word?"
"back","What's the best day of primary school you can remember?"
"back","When did you get a lucky break when you were young?"
"back","Which chore did you hate most growing up?"
"back","What was your most treasured possession at twelve?"
"back","What's the first secret someone trusted you with?"
"back","What fashion phase did you go through as a teenager?"
"back","What did you do on days home sick from school?"
"back","What did you climb as a kid that you definitely shouldn't have?"
"back","Which beach, river or pool did you swim at most as a kid?"
"back","Which fight with a sibling can you laugh about now?"
"back","What was the first pet you lost, and how did you cope?"
"back","What was the best holiday your family ever took?"
"back","What's the best sleepover you ever had?"
"back","Which course or class after school did you love?"
"back","How did your family spend long weekends?"
"back","What's a time you felt completely out of your depth?"
"back","What were you allowed to do as a kid that kids today probably aren't?"
"back","What was your signature move at the school disco?"
"back","Who showed up for you when you needed it most growing up?"
"back","What did someone say to you as a kid that stung for years?"
"back","What's a rule from your childhood home you've kept, and one you've thrown out?"
"back","When did you get your licence, and how did the test go?"
"back","Who drove you to training growing up, and what did you talk about in the car?"
"back","What's the first movie you saw at the cinema?"
"back","Which trait from your parents are you glad to have?"
"back","Who did you go to the formal with, and how did that come about?"
"back","What's a decision from your twenties you'd make again in a heartbeat?"
"back","Who was the most memorable housemate you ever had?"
"back","What sport or hobby did you throw yourself into growing up?"
"back","How did your friends' houses feel compared with yours?"
"back","What talent did you have as a kid that would surprise me?"
"back","What did a typical Saturday look like for you the year before we met?"
"back","Did you take a trip on your own before we met?"
"back","What did a sibling or cousin do that you'll never let them forget?"
"back","Which holiday tradition was unique to your family?"
"back","What pets did you have growing up, and which was your favourite?"
"back","How did your first real heartbreak feel at the time?"
"back","What was your first proper holiday without family?"
"back","What's something your younger self would be proud of you for?"
"back","What was your first email address or username, and how embarrassing is it?"
"back","What's a family tradition you didn't appreciate until later?"
"back","Were you ever in a school play, choir or band?"
"back","What's a goodbye from your past that stayed with you?"
"back","What's a friendship from your past you still think about sometimes?"
"back","Who did you want to be when you grew up, and how do you feel about that now?"
"back","What song did you know every word to at age eight?"
"back","Did you make a promise as a kid that you've kept?"
"back","What question did you used to pester adults with constantly?"
"back","What do you wish you'd asked an older relative while you still could?"
"back","Who was the kid in your street everyone wanted to hang out with?"
"back","What did you do on the last day of school each year?"
"back","What did you imagine the grown-ups got up to after you went to bed?"
"back","What's a version of yourself from the past you miss a little?"
"back","What did your friends think you'd end up doing with your life?"
"back","What's the most spontaneous thing you did before we met?"
"back","Which party from your teens became legendary?"
"back","What position did you play in junior sport, and did you actually choose it?"
"future","What's one way you'd like to grow as a partner?"
"future","What's a remote spot in Australia you'd love us to camp under the stars?"
"future","If we ever organised a family sports day for everyone we love, what events would it have?"
"future","Would you ever want to join a mixed social team with me, and in which sport?"
"future","If you could guarantee one thing about our future, what would it be?"
"future","How would you feel about moving somewhere neither of us knows anyone?"
"future","What do you hope we still do together when we're eighty?"
"future","What does a good life after kids, or without kids, look like to you?"
"future","Would you love us to go to the Tour de France, the Monaco Grand Prix or the Masters?"
"future","What's something you want to learn just for the joy of it?"
"future","What's a hobby you'd love us to have as a retired couple?"
"future","What kind of parent, aunt, uncle or mentor do you hope to be?"
"future","What do you hope our love looks like after the kids, the pets and the busy years?"
"future","Do you want us to be season-ticket holders who never miss a home game?"
"future","What would our life look like if we sold everything and travelled for a year?"
"future","What do you want to be doing on New Year's Eve in a decade?"
"future","What does your ideal retirement look like?"
"future","What's a cause or community you'd like to give more time to?"
"future","What's something you want to be brave enough to try within the next year?"
"future","What would make you feel truly settled?"
"future","Would you rather sit on Centre Court at Wimbledon or watch the Boxing Day Test at the MCG?"
"future","What would you want written on a little plaque on a park bench for us one day?"
"future","How would you want our weekday mornings to feel once life is less rushed?"
"future","What's something you'd like to try that would surprise the people who know you?"
"future","How would you want us to spend the money from a small Lotto win?"
"future","What would make a perfect day for you when you're eighty-five?"
"future","What would be your ideal job if it only had to be three days a week?"
"future","What's an animal you dream of seeing in the wild?"
"future","What would you want to see on a cruise, if you'd ever go on one?"
"future","What would you love to do on a long weekend in Tasmania?"
"future","What's a dream of mine you'd love to help make happen?"
"future","What's a goal of yours that you'd like me to hold you to?"
"future","How would you love to spend a whole summer if we had it off?"
"future","What's a concert or musician you'd hate to miss seeing live?"
"future","What's something about yourself you'd like to unlearn?"
"future","What would you want our fiftieth birthday parties to look like?"
"future","Which family tradition from your childhood do you want to carry forward?"
"future","What would a slower, simpler version of our life look like?"
"future","What would you want a documentary about our life to be called?"
"future","How do you want us to keep dating each other years from now?"
"future","If we ran away for a week starting tomorrow, what would you pack first?"
"future","What does a good life actually look like to you?"
"future","What do you hope you're doing for work in ten years?"
"future","What's a hobby you'd pick up if you had an extra two hours a week?"
"future","What kind of car do you see us driving when we're old and grey?"
"future","Which overnight train journey would you want to take together?"
"future","How do you want us to celebrate big wins together?"
"future","Which friend do you most hope is still in our lives decades from now?"
"future","What does a meaningful career look like to you now, compared to five years ago?"
"future","If we spent a month in Japan, what would you want to do first?"
"future","Do you picture us renovating a place ourselves, or is that a nightmare to you?"
"future","What's one thing you'd love us to be brave about this year?"
"future","If money and time weren't a factor, how would you spend a normal Tuesday?"
"future","What age do you think we'll finally hang up the boots, and what comes next?"
"future","Which wildlife experience in Australia do you still want to tick off?"
"future","What would you love to show me in the place you grew up that I haven't seen yet?"
"future","Which Olympic Games, anywhere in the world, would you most love us to attend together?"
"future","Where in the world would you want to spend a white Christmas?"
"future","What do you hope to have forgiven or let go of in ten years?"
"future","What's a part of the world you're curious about but slightly nervous to visit?"
"future","What's something you want us to have in place before we turn sixty?"
"future","What would you want a typical weeknight dinner to look like for us in five years?"
"future","What's a business you'd secretly love to run, even just for fun?"
"future","What would you want our home's front door to say about us?"
"future","Which part of your current life would you most want to protect as we get older?"
"future","What's an island you'd love to get stranded on with me for a week?"
"future","What's a skill you secretly want to master?"
"future","What's a trip you'd want to plan for a friend or family member one day?"
"future","What do you hope stays exactly the same about us?"
"future","If we wrote a bucket list tonight, what goes at the very top?"
"future","What would our house rules be if we were writing them from scratch?"
"future","What would make you happy to finish working forever?"
"future","What's a cause you'd want our family to be known for supporting?"
"future","What's a natural wonder you want us to stand in front of together?"
"future","Is there a sporting road trip around Australia you'd love us to do?"
"future","What's a road trip route that's been on your mind for ages?"
"future","What do you want our Christmases to look like in ten years?"
"future","What do you hope your work leaves behind when you're done?"
"future","What's an experience you want to have at least once in your life?"
"future","How would you want to mark our twenty-fifth anniversary?"
"future","What's a family heirloom you'd love to create for the next generation?"
"future","Would you rather have a big home with land or a small place close to everything?"
"future","Where would you go for the trip of a lifetime if you only had two weeks?"
"future","What's a trip you want us to take before we're too old to enjoy it?"
"future","What job would you try if you had to start completely fresh at forty?"
"future","What would our dream backyard need for sport: a cricket pitch, a pool, a basketball hoop?"
"future","What would you love our home to be famous for among our friends?"
"future","What's something you'd love to take a class in this year?"
"future","What would you love us to finally get around to building, fixing or planting?"
"future","What's a festival overseas you'd love to experience, like Carnival or Oktoberfest?"
"future","What would you like to be doing more of by this time next year?"
"future","What do you most want to celebrate together next year?"
"future","If we had a completely free weekend a month from now, what would you want to do?"
"future","Would you want us to own a holiday house one day, and where?"
"future","What's an adventure you want us to have while we still can?"
"future","Which overseas country do you think we'd most likely fall in love with?"
"future","If we ever raised something together, a kid, a pet, a garden, how do you picture us?"
"future","What would your perfect long service leave look like?"
"future","What's one big thing you'd want to do for your fortieth or next big birthday?"
"future","Can you picture yourself coaching a kids' team on Saturday mornings one day?"
"future","If you could pick our next big shared goal right now, what would it be?"
"future","What would you want our wedding or renewal of vows to feel like, in one word?"
"future","Which beach in the world do you want to swim at with me?"
"future","Where would you love to see the Northern Lights, if we ever chase them?"
"future","Which golf course, ski field or surf break would you love us to visit someday?"
"future","Is there anywhere you'd want us to volunteer overseas one day?"
"future","What kind of street party or community do you want us to be part of?"
"future","What's a physical challenge that scares you a bit but you'd love to conquer with me?"
"future","What's a skill you'd love us to learn as a team, like sailing or dancing?"
"future","What's something about your career you'd still like to prove to yourself?"
"future","What kind of neighbourhood do you picture us living in one day?"
"future","Which famous stadium overseas do you most want to tick off our list?"
"future","If we could restore an old caravan, where's the first place we'd take it?"
"future","What would you want our first proper home together to feel like?"
"future","Where would you want to be on the morning of a big milestone birthday?"
"future","What's a nickname you hope we still use for each other at ninety?"
"future","What would make next year feel like a good year?"
"future","What's a small luxury you want in your everyday life one day?"
"future","What part of Australia have you never seen but feel drawn to?"
"future","If we planned a whole holiday around one sporting event, which would you choose?"
"future","What's something you want to make with your hands one day?"
"future","What would you like our weekends to look like once life slows down?"
"future","What tradition would you want us to start together?"
"future","What are three words you'd like to describe our life in twenty years?"
"future","What's a view you'd love to wake up to every morning?"
"future","What's a career risk you'd love to take if you had my full backing?"
"future","What's one thing you'd like to have in your life that would make it feel complete?"
"future","Is there a language you'd want us both to learn before a big trip?"
"future","If we time-travelled to our fortieth anniversary, what would you look for first?"
"future","What's something you want to be able to say you did by the time you're old?"
"future","What would you like to have achieved by your next birthday?"
"future","What's something you'd like us to save up for?"
"future","What would a dream weekend away within a few hours' drive look like?"
"future","Where would you love to watch the sunrise one day?"
"future","What's a promise you'd like us to make about our future selves?"
"future","Which sport would you most like to finally learn properly, lessons and all?"
"future","What does financial freedom mean to you, in plain terms?"
"future","What would you love to learn from an older couple we know?"
"future","Would you rather have one huge overseas trip a year or lots of little getaways?"
"future","What's something you'd love to build with me in the backyard?"
"future","What's something you want to do every year until you physically can't?"
"future","What's a talent you'd love to show off at a party in ten years?"
"future","How would you spend a year if you knew it was your last chance to travel?"
"future","What's a part of your personality you hope gets stronger with age?"
"future","What would you love to get better at in the next five years, outside of work?"
"future","What's a big adventure you'd want to plan the moment we had the chance?"
"future","How many dogs, cats or chooks do you see in our future?"
"future","What's a country you'd want to explore slowly, by train?"
"future","What does a perfect Sunday look like five years from now?"
"future","How do you hope our families blend together over the years?"
"future","What do you want to be really good at by the time we're grey?"
"future","What would you like to have mastered in the kitchen by the time you're old?"
"future","How do you want our home to change as we get older?"
"future","Which of our current friends could you see us travelling with one day?"
"future","Where do you picture us in five years, honestly?"
"future","If you had to pick a theme for the next chapter of our life, what would it be?"
"future","What would make you say yes to a big move interstate?"
"future","What's an annual trip you'd love us to make a tradition?"
"future","What kind of neighbours do you hope we become?"
"future","What's a place we've already been that you'd love to go back to with fresh eyes?"
"future","How much of our future do you want to plan, and how much leave to chance?"
"future","Is there a mountain you'd like us to climb, big or small?"
"future","What's something you'd love to put in a time capsule for our future selves?"
"future","What's a big decision coming up that you'd like my thoughts on?"
"future","What's a place in the world you're saving for the right moment?"
"future","What's a creative project you'd love us to make together, like a book or a mural?"
"future","What's a work dream you'd chase if the bills were already sorted?"
"future","What's a worry about the future you'd like us to talk through?"
"future","If you could run onto any ground in the world for one game, which ground would it be?"
"future","Where would you like to spend a month somewhere totally off the grid?"
"future","What would you love our kids, or the kids in our lives, to say about us?"
"future","Where would you want our first holiday with a baby to be, if we have one?"
"future","Which future version of us are you most excited to meet?"
"future","What sport do you hope you're still playing when you're seventy?"
"future","If we could live anywhere for a year, where would you pick and why?"
"future","What does home mean to you, and has that changed lately?"
"future","What do you hope to have figured out in the next ten years?"
"future","If you wrote a letter to yourself to open in ten years, what would you ask?"
"future","Is there a fun run, marathon or triathlon you'd like us to train for side by side?"
"future","How would you want to spend the first week of your retirement?"
"future","What's a small dream that we could actually make happen this month?"
"future","What's one experience you'd love us to share with our parents?"
"future","Which bucket-list item would you want to do on a whim rather than plan?"
"future","Which country's way of living do you think we could learn from?"
"future","What do you dream of doing once the mortgage is finally paid off?"
"future","Which Australian outback adventure would you be keen to do together?"
"future","What would you want to collect over a lifetime together?"
"future","If you could take a year off, how would you spend it?"
"future","If you could open a little café, bookshop or bar, what would it be called?"
"future","What's a small change now that would make a big difference later?"
"future","How much do you want our future to involve your hometown?"
"future","What do you imagine our grandkids calling us?"
"future","If we could be in the crowd for any World Cup final, which country would you want to host it?"
"future","Would you rather grow old by the beach, in the bush or in the city?"
"future","What do you hope our friends say about us at our eightieth birthday parties?"
"future","What would a perfect gap year look like for us in our sixties?"
"future","How would you want to give back once we're comfortable?"
"future","What do you hope never changes about the way we spend our evenings?"
"future","What would you want to be doing the day after you retire?"
"future","Would you ever want to live on a farm, even just for a season?"
"future","What would your ideal morning routine be once we don't need alarms?"
"future","What's one sporting moment you'd love us to witness live before we're old?"
"future","What's a dish you'd love to perfect so it becomes our family classic?"
"future","What would you do with an unexpected inheritance of fifty thousand dollars?"
"future","Which season of the year do you want to spend somewhere completely different?"
"future","What city would you choose if we had to move overseas for work for two years?"
"future","Would you rather spend retirement travelling or building a home everyone visits?"
"future","If you could bring one thing from your childhood home into our future home, what would it be?"
"future","Is there something you want to create or build one day?"
"future","What would our ideal holiday split be between adventure and lying by a pool?"
"future","Where would you love to have a long, lazy Christmas lunch one year?"
"future","If you could design our dream holiday house, what's the first feature?"
"future","What do you want your friendships to look like when you're older?"
"future","If you could change careers tomorrow with no risk, what would you do?"
"future","What's one big purchase you'd like us to plan for carefully?"
"future","What's a mini adventure we could have every season?"
"future","If you could go back to uni or TAFE for anything, what would you study?"
"future","What's something you hope we'll laugh about when we're old?"
"future","Which country would you most want to celebrate a birthday in?"
"future","What do you want to make sure we never stop doing, no matter how busy life gets?"
"future","What kind of older person do you hope to become?"
"future","What's a place you'd love us to return to every year until we're old?"
"future","Should we try to swim, ride or paddle somewhere epic together, like across a bay?"
"future","What's one thing you'd like to own outright one day?"
"future","What's something you want to understand better about money before we're older?"
"future","Would you rather do a famous long hike together or ride a cycling tour through Europe?"
"future","What would you love to be known for by the people closest to you?"
"future","What's a dream holiday you'd plan purely around food?"
"future","What's one thing you want to stop putting off?"
"future","Would you ever want to try living in a tiny house or a van?"
"future","What's something you hope to be better at saying to me as the years go by?"
"future","Would you ever want to try a ski season, even just for a couple of weeks?"
"future","What would make you feel proud of us as a team in ten years?"
"future","How would you feel about us volunteering at a major sporting event one day?"
"future","What's a dream you've never said out loud?"
"future","How would you want us to look after each other if one of us got sick?"
"future","How would you like our birthdays to be celebrated once we're older?"
"future","How do you want our friendships with other couples to grow?"
"future","If you had a sabbatical, would you rest, learn, travel or build something?"
"future","If you could plan our perfect anniversary, what happens?"
"future","If we built a house from scratch, what's the one room you'd fight for?"
"future","What's a goal that feels too big to say, but you'd like me to know about?"
"future","If our kids or nieces and nephews played sport, what sort of sideline supporter would you be?"
"future","What's a cuisine you'd love to learn to cook properly on its home turf?"
"future","What sport would you love to take up together, even if we're both hopeless at it?"
"future","If we were sixty and suddenly free, what's the first big thing we'd do?"
"future","If you could live through one decade of our future twice, which would you guess it'd be?"
"future","If you could add one ritual to our mornings forever, what would it be?"
"future","If we were given a free month anywhere in Europe, where would we base ourselves?"
"future","What would you want our kitchen table to have seen in thirty years?"
"future","What's a moment you're already looking forward to, even if it's years away?"
"future","Which hope for our future do you think about most often?"
"future","How would you want us to celebrate paying off a big debt?"
"future","What's an achievement you'd love to celebrate with a massive party?"
"future","What's a quirky thing you'd want in our dream house, like a secret door?"
"future","How do you picture our ideal balance between work and play in our fifties?"
"future","What would you want our life to look like if we only worked part-time?"
"future","Where would you go if we had a surprise long weekend booked tomorrow?"
"future","How do you want to mark the little milestones, not just the big ones?"
"future","What kind of pets do you want us to have when we're retired?"
"future","What's a habit you want to build that future-you will thank you for?"
"future","What's a sound, smell or taste you hope fills our old age?"
"future","How would you feel about us running a little side hustle together?"
"future","What do you want our home to sound like on a Saturday morning?"
"future","What's a version of our life you daydream about?"
"future","Should we make a pact to go to a Grand Final together, whoever's playing?"
"future","How do you want us to handle the big decisions that are coming down the track?"
"future","What's worth being patient for?"
"future","What garden would you love to grow if space were no issue?"
"future","What's a big family holiday you'd love to organise for everyone one day?"
"future","What's a goal you've quietly given up on that you'd like to revisit?"
"future","What's a small adventure you'd like us to have before the year is out?"
"future","What would you like us to have a crack at that we've always said we'd do?"
"future","What's a dream you hope I'll still remind you about when you've forgotten it?"
"future","What would you want our home to feel like when friends drop round unannounced?"
"future","What would you do if you knew you couldn't fail?"
"future","What would you want to have learned from the hard times by the time we're grey?"
"future","What do you want to be doing on your sixtieth birthday?"
"future","Would you ever want to do a working holiday somewhere, like picking grapes or running a bar?"
"future","What would you want to teach a little one about winning and losing?"
"future","What would your dream study, shed or creative corner look like?"
"future","What's a trip you'd want to take just the two of us, no phones?"
"future","What's a milestone you're looking forward to?"
"future","Where would you want to celebrate a big work win if money were no object?"
"future","Would you rather renovate an old cottage or build a brand-new house?"
"future","What would you love to have saved for by this time in three years?"
"future","What's a room in our future home you'd want to decorate entirely by yourself?"
"future","Where would you want to spend our tenth anniversary?"
"future","What would you want to tell younger couples once we've been together forty years?"
"future","What would you want our home to smell like?"
"future","What's a challenge you'd like us to take on together?"
"future","How do you picture us watching a big final in twenty years: at the ground, at the pub or at home?"
"future","What's one experience you'd love to give your parents before they get much older?"
"future","What's a festival or event you want us to tick off together?"
"future","What's a city you want to get lost in on foot?"
"future","What kind of holidays do you want us to make a habit of?"
"future","What fitness goal would you be proudest to hit before you turn fifty?"
"future","If you could have one superpower to make our future easier, what would it be?"
"future","How would you want our home to look on a rainy Sunday afternoon?"
"future","What would you love to say about the life we built when we're looking back?"
"us","If we got a pet tomorrow, what would we name it?"
"us","Which of our goodnight habits would you never give up?"
"us","What's the kindest thing you've seen me do for someone else?"
"us","What would our ideal long weekend away look like?"
"us","What do you hope people notice about us?"
"us","Which friend of yours saw us coming before we did?"
"us","What's a set play we run at home that works every time?"
"us","Which outfit of mine from our early days can you still picture?"
"us","Which holiday tradition would you want us to keep forever?"
"us","What's a challenge you'd love us to take on just to prove we can?"
"us","Which of my opinions has changed your mind about something?"
"us","What's a moment from one of my games when you cheered the loudest?"
"us","What's the best way I've ever cheered you up?"
"us","What's a habit we've picked up from each other?"
"us","What's a song that reminds you of us?"
"us","What do you love about me now that you didn't notice at first?"
"us","If we were a dish, what would we be?"
"us","When do you feel most appreciated by me?"
"us","What do you think our next big chapter looks like?"
"us","When have I been braver than you expected?"
"us","How do you like me to treat you after a tough loss on the field?"
"us","What's a day out with me you'd happily do again tomorrow?"
"us","How do I make ordinary errands more fun for you?"
"us","What's something you'd like us to get better at as a pair?"
"us","Who's usually first to apologise, and does that feel fair?"
"us","When did one of our places start feeling like home to you?"
"us","What's something about us you hope never changes?"
"us","What's our most important game-day ritual?"
"us","What helps you reset after we've had a tense moment?"
"us","What's a worry you've been carrying that you'd like to share tonight?"
"us","What's the best decision we've made together?"
"us","What do I do when I'm stressed that you've learned to read?"
"us","What's a rough patch that taught you something about us?"
"us","What do you love about the way we spend our mornings?"
"us","What did you think of my laugh the first time you heard it?"
"us","What's something you've never thanked me for but want to?"
"us","What do you notice about me that you think others miss?"
"us","What's the most reassuring thing I've ever said to you?"
"us","What was going through your head on our first date?"
"us","What does a proper apology from me look like to you?"
"us","What's something we've gotten through that made us stronger?"
"us","What's something I do that makes you feel loved without me trying?"
"us","What would our club be called, and who'd be the mascot?"
"us","How would you like me to support you with your family?"
"us","What's one way we could make Sunday nights smoother?"
"us","Which of our coffee habits do you love most?"
"us","What do you think our friends would say is our best quality as a couple?"
"us","How do we handle money as a team, and what would you tweak?"
"us","Which part of our early story do you think I tell wrong?"
"us","What's a meal I make that tastes like home to you?"
"us","When did you first know you actually liked me?"
"us","What's a skill you'd like to teach me?"
"us","If we had a best-and-fairest award, what would you win it for?"
"us","What's something we bicker about that we could laugh about instead?"
"us","What's a job around the house you think I'm secretly better at?"
"us","What's one detail from our first month that nobody else knows?"
"us","What's a fear about the future you'd like us to face together?"
"us","When did you last feel we were completely on the same wavelength?"
"us","When am I at my most patient with you?"
"us","Which cafe, pub or spot feels like it belongs to us?"
"us","If we were stranded on an island, who'd be in charge of what?"
"us","What's a rivalry between us you never want to end?"
"us","When did you first feel like we were a proper team?"
"us","What's the funniest thing that's happened at a game we went to together?"
"us","What's a winter night ritual that makes the cold worth it?"
"us","What's a quirk of mine you've grown to love?"
"us","How did you know it was okay to say 'I love you'?"
"us","Where are we too alike for our own good?"
"us","How should we celebrate our next anniversary?"
"us","If we were commentators, what would our signature calls be?"
"us","Which training habit of mine do you secretly admire?"
"us","What's a quality of mine you hope rubs off on you?"
"us","What made you feel safe with me early on?"
"us","How do we celebrate when our team wins, and should we go bigger?"
"us","If we had a free year with no work, how would we spend it?"
"us","What's something about our story you love telling people?"
"us","What's your favourite way we say goodbye in the morning?"
"us","What's something you admire about how I handle hard things?"
"us","What's a sound around the house that makes you happy because it means I'm home?"
"us","What's my most underrated quality?"
"us","What's a small daily check-in you'd like us to do?"
"us","What do you want people to say about us in ten years?"
"us","What's a moment you felt really looked after by me?"
"us","What's a way you've changed since we met?"
"us","Which of your goals should I be asking about more?"
"us","What's a walk or drive with me you'd happily repeat every week?"
"us","Who's the sorer loser when we compete against each other?"
"us","What's something you've wanted to say but haven't found the moment for?"
"us","What's a way I've made your life easier that you've never mentioned?"
"us","What do you think I misunderstand about you sometimes?"
"us","How would we go if we got lost somewhere with no phones?"
"us","What would our pre-season goals be as a couple?"
"us","What's one thing we should stop doing because it isn't working?"
"us","What's a summer tradition you want us to start this year?"
"us","Would we be better at running a cafe or running a camping trip?"
"us","When have we surprised ourselves as a couple?"
"us","What's our most ridiculous shared habit?"
"us","When we travel, what role do you play and what role do I play?"
"us","Which place we used to go to back then do you miss most?"
"us","What's a hard conversation you're glad we had?"
"us","What's a skill you'd love us to learn side by side?"
"us","When I'm upset, what do I do that makes it harder for you to help?"
"us","Who's the planner and who's the improviser in us, really?"
"us","What's something we should do more of on weekends?"
"us","Who's the captain and who's the coach in our relationship?"
"us","What was the first meal we ever cooked together like?"
"us","What's something that feels easy with me that's been hard with others?"
"us","If our first date had a soundtrack, which song would open it?"
"us","What do I do with my face when I'm happy that you love?"
"us","What's something about my family you've come to appreciate?"
"us","Who'd win a backyard cricket final between us, honestly?"
"us","What do I do at parties that makes you glad you came with me?"
"us","Which gift from me has meant the most, big or small?"
"us","What's something I'm stubborn about that you secretly admire?"
"us","What's a story about me you love telling people?"
"us","Which of our Friday night habits should never change?"
"us","Which early text from me do you remember best?"
"us","Which version of me do you love most: sleepy, silly, focused or fired up?"
"us","What's my best quality when things go wrong?"
"us","What's a way we could make our home feel even more like ours?"
"us","What's a time I made you laugh when you really needed it?"
"us","What's the best half-time chat we've ever had?"
"us","Which of your birthdays with me stands out most?"
"us","If our relationship had a spirit animal, what would it be?"
"us","What did you love about me back then that you still love now?"
"us","What's your favourite thing about how we host people?"
"us","How do you like me to react when you're grumpy for no reason?"
"us","Which meal do we always end up having when we can't decide?"
"us","What's one word for how I make you feel?"
"us","What's our best tradition that started completely by accident?"
"us","What would you like us to be known for in our neighbourhood?"
"us","What's a way I could love you better that you've never told me?"
"us","What's a time we disagreed and handled it really well?"
"us","What's a compliment from me that's stuck with you?"
"us","If we were a pair of characters from a film, who would we be?"
"us","Which show we've watched together will you always link with us?"
"us","If our street were renamed after a memory of ours, what would it be called?"
"us","What's something about us you'd love to see grow?"
"us","How could we mark the start of each new year as a couple?"
"us","What's a signal I give that I need help but won't ask?"
"us","What's something we do together that feels completely us?"
"us","What does a fair week look like when we're both flat out?"
"us","If you could relive one week from our first year, which would it be?"
"us","Which pre-game snack is non-negotiable at our place?"
"us","Which household job do you think we split the fairest?"
"us","When have you felt most proud to be with me?"
"us","How do I show I care when I'm too tired to say it?"
"us","What's a small ritual we have that you love?"
"us","What do you think I'd say is your best quality?"
"us","What were you most worried I'd find out about you early on?"
"us","What's a mistake we made together that we laugh about now?"
"us","What's a lesson about love you've only learned because of us?"
"us","When did you need me and I showed up just right?"
"us","What does it look like to you when I'm truly listening?"
"us","What do you think I'm secretly proud of about us?"
"us","If we had a club song, how would the chorus go?"
"us","What's your favourite thing about watching me play?"
"us","Which of my habits do you find unexpectedly endearing?"
"us","If we opened a business together, what would it be?"
"us","What's something you'd like more of from us?"
"us","What's a cause or community thing you'd like us to do together?"
"us","Which takeaway night of ours is the most sacred?"
"us","If we wrote a rule book for our relationship, what's rule number one?"
"us","What would be on our joint bucket list for next year?"
"us","How should we handle it when we're both exhausted and cranky?"
"us","Which of my friends do you think understands me best, and why?"
"us","What would a highlights reel of our relationship this year include?"
"us","When did you last look at me and think, how did I get this lucky?"
"us","What's something you find hard to ask me for?"
"us","What was our first proper argument about, and who was right?"
"us","What would you tell the version of you who was about to meet me?"
"us","How can I tell whether you need advice or just a listener?"
"us","When did you first think, uh oh, I'm in trouble here?"
"us","Where would you love us to live one day if anywhere were possible?"
"us","Which do you like best: us at home or us out with friends?"
"us","What do I bring out in you that nobody else does?"
"us","What does a really good day for the two of us look like?"
"us","When did you need me and I missed it?"
"us","How do you think we balance each other out?"
"us","What do you think makes us different from other couples we know?"
"us","What's the best spontaneous thing we've ever done?"
"us","When did you realise I really knew you?"
"us","What did you call me to your friends before we were official?"
"us","What's a tiny thing I do that you'd miss if it were gone?"
"us","What's something you've learned from me?"
"us","What's a way I've changed since we met?"
"us","What colour would you say our relationship is, and why?"
"us","If we were a sporting team, what position would I play?"
"us","What's a phrase we say so often it's basically our motto?"
"us","What's a decision you'd rather I just make for both of us?"
"us","What's the best dinner we've ever had together, and what made it?"
"us","What's a dream home detail you'd insist on for us?"
"us","How do you like me to back you up when we're out with others?"
"us","What made you decide I was worth it?"
"us","What sporting event would you love us to go to together one day?"
"us","What would a year from now look like if everything went right for us?"
"us","How can I support you better this month?"
"us","What's something we used to do that you'd like to bring back?"
"us","What's a goal we could set together for the next three months?"
"us","What's a memory of us that always makes you smile?"
"us","What's something I do for you that you'd struggle to do for yourself?"
"us","What's a hobby you think we'd both get hooked on?"
"us","Which milestone of ours has meant the most to you so far?"
"us","What's an inside joke of ours that still gets you?"
"us","What was your first impression of me, honestly?"
"us","What's a weird fact about us that would surprise people?"
"us","When you're sick, what's the one thing that actually helps?"
"us","What position would you play in our relationship, and why?"
"us","When are we at our silliest?"
"us","What would a perfect lazy Sunday look like for us?"
"us","What's a problem we solved together that you're still proud of?"
"us","What's your favourite ordinary night we've spent together?"
"us","What's something I'm good at that I don't give myself credit for?"
"us","Do you like good news told straight away or saved for a proper moment?"
"us","When I'm overwhelmed, what's the most helpful thing you've found to do?"
"us","How long did it take you to stop being nervous around me?"
"us","Which chore would you happily trade with me forever?"
"us","Which of my dreams do you most want to see come true?"
"us","When you're disappointed, do you want distraction or company?"
"us","What's something new you'd like us to try for the first time together?"
"us","What's an overseas trip that feels like it's meant to be ours?"
"us","How do you most like to be comforted when things are hard?"
"us","What's a first between us you'll never forget?"
"us","If our love story were a movie, who'd play us?"
"us","What's something you'd like me to stop worrying about for you?"
"us","What tradition would you give us for the next decade?"
"us","What's something you'd like me to teach you?"
"us","What's something you'd like me to ask you about more often?"
"us","What's a small promise you'd like us to make to each other?"
"us","What's a holiday we've taken that you'd do exactly the same again?"
"us","When do you feel closest to me?"
"us","What's a moment with me you keep coming back to?"
"us","What would you call the chapter we're in right now?"
"us","What's the funniest thing I've ever done without meaning to?"
"us","What's a game we lost together that you still think about?"
"us","What's something brave that scares us both a bit that you'd like us to try?"
"us","What part of your life got better once I was in it?"
"us","What, if anything, do you like about the way we argue?"
"us","When you're nervous before something big, what would you like me to say?"
"us","What's a boundary of yours you'd like me to protect more fiercely?"
"us","What's something about me that turned out better than you expected?"
"us","Which of our routines would you defend to the end?"
"us","What's one thing you'd like us to say yes to more often?"
"us","What's a way of making up after a disagreement that works for you?"
"us","If our relationship were a book, what would chapter one be called?"
"us","How do you know when I need space?"
"us","What almost stopped us from getting together?"
"us","What's a new sport you'd like us to try together?"
"us","Where do we talk best: in the car, on a walk, or over dinner?"
"us","Where were we when you first held my hand?"
"us","What do you think we're really good at as a team?"
"us","What's a little thing I could do tomorrow that would make your day?"
"us","How do you like to spend the first hour after we've both finished work?"
"us","What do you love about the way I talk about you to others?"
"us","If you could freeze one season of our life so far, which would it be?"
"us","What's your favourite photo of us, and why?"
"us","Which sport do you think we'd make the best doubles partners in?"
"us","Which silly dance, song or voice of ours would embarrass us in public?"
"us","How do you like to be encouraged when you're trying something new?"
"us","What do you love most about coming home to me?"
"us","What would you put in a time capsule about us to open in twenty years?"
"us","What's a part of my world you've come to love?"
"us","What's our go-to road trip snack, and who chose it?"
"us","Who gets more nervous in a close finish, you or me?"
"us","Who's the better armchair umpire between us?"
"us","What would you want me to remember on a day you're struggling?"
"us","What's a sign that you're feeling a bit disconnected from me?"
"us","How can I help you protect your downtime?"
"us","What would our motto be on a family coat of arms?"
"us","If we entered a reality TV challenge, which one would we win?"
"us","What would our team colours be, and why?"
"us","How would you tell the story of how we met to a stranger on a train?"
"us","What did your family think of me the first time they met me?"
"us","How do you like our evenings to wind down?"
"us","When do you think I look the most like myself?"
"us","What's the most heated friendly competition we've ever had?"
"us","When did you first realise I'd become your favourite person?"
"us","What's a decision you always want us to make together?"
"us","What do you picture us doing on a Saturday when we're eighty?"
"us","Which of our skills combine best when we tackle a project?"
"us","How would you like us to celebrate each other's small wins?"
"us","What's the first thing you remember me saying to you?"
"us","What's a new weekly ritual you'd like us to start?"
"us","What's the best thing we've ever built, fixed or made together?"
"us","What comfort food should I always keep in the cupboard for you?"
"us","Who did you tell about me first, and what did you say?"
"us","What's an adventure you want to tick off with me before we're old?"
"us","What did you think I did for fun before you really knew me?"
"us","What's something I said once that you've never forgotten?"
"us","What do you need from me on the days work is rough?"
"us","What's a phrase I could say that instantly calms you down?"
"us","What's a ritual from your family growing up you'd like us to adopt?"
"us","What's a seasonal thing we do that you look forward to all year?"
"us","If you wrote me a thank-you card tonight, what would it say?"
"us","What's a place in Australia we haven't been that you want to explore together?"
"us","When did I surprise you by getting it exactly right?"
"us","Which of my practical skills do you secretly rely on?"
"us","What's something I worry about that you wish I'd hand over to you?"
"us","What's something you're working towards that I could cheer on more?"
"believe","What's a mistake you think everyone needs to make once?"
"believe","What makes someone a good friend?"
"believe","Is silence ever the right answer in an argument?"
"believe","What do you think is the kindest thing a person can do for a stranger?"
"believe","What's a tradition you think is outdated and should go?"
"believe","Is it right to make a promise you're not sure you can keep?"
"believe","Do you think animals deserve the same moral consideration as people?"
"believe","What's an everyday decision that you think is secretly a moral one?"
"believe","What do you think counts as a waste of time?"
"believe","What do you think deserves more of our attention than it gets?"
"believe","What makes a promise worth keeping when circumstances change?"
"believe","Is there a version of success you'd turn down?"
"believe","What's the line between a fierce competitor and a sore loser?"
"believe","What matters more to you: being right or being kind?"
"believe","What's one thing you think every couple should agree on before moving in?"
"believe","What's something you think gets better with age?"
"believe","Should every kid get a trophy just for turning up?"
"believe","What do you think you're here to do?"
"believe","Is it okay to be proud of where you come from and still criticise it?"
"believe","Is it better to have a few close friends or lots of mates?"
"believe","Do you believe in karma?"
"believe","What's a small act that tells you a lot about a person?"
"believe","What do you think we owe our parents as they get older?"
"believe","Do you think there's such a thing as a soulmate?"
"believe","Can you love someone and still not like them sometimes?"
"believe","Do you think sport brings a community together more than anything else can?"
"believe","What do you think makes a place feel like it belongs to you?"
"believe","Do you believe some people are just meant to be in our lives?"
"believe","What makes a home, beyond the building itself?"
"believe","Do you think we can ever really know another person completely?"
"believe","Should people always follow their passion, or is that bad advice?"
"believe","What do you think is the secret to a good friendship lasting decades?"
"believe","Is it okay to cut off family if they're bad for you?"
"believe","What do you think is the most honest emotion?"
"believe","Is there such a thing as too much ambition in a relationship?"
"believe","Do you think people can really change? Why?"
"believe","What's an unpopular opinion you have about weddings?"
"believe","What do you think is worth spending real money on?"
"believe","What do you think people regret most at the end of their lives?"
"believe","What's something you believe about friendship that you learned the hard way?"
"believe","What's a time you think it's right to put yourself first?"
"believe","Do you think it's ever too late to start again?"
"believe","What does it mean to live a simple life, and would you want one?"
"believe","How much of who we are is nature, and how much is how we're raised?"
"believe","What do you think is the hardest thing to say out loud?"
"believe","What do you think love looks like after fifty years together?"
"believe","What does it mean to you to be part of a team?"
"believe","Do you think it's selfish to put your own happiness first?"
"believe","Do you think a big life needs big adventures?"
"believe","Is it better to say yes to everything or protect your time fiercely?"
"believe","Do you think it's possible to be too honest?"
"believe","What's something you think makes people genuinely interesting?"
"believe","What's the difference between confidence and arrogance to you?"
"believe","How do you balance looking after yourself with looking after others?"
"believe","Is there a kind of wealth that matters more than money?"
"believe","What's something you think should be talked about more openly?"
"believe","What do you think is the real purpose of work?"
"believe","Do you think most rules exist for good reasons?"
"believe","What does generosity look like to you?"
"believe","Is it more important to be interesting or to be interested?"
"believe","What do you believe is the one thing that makes us truly human?"
"believe","What's an opinion you hold that you'd happily argue about all night?"
"believe","How do you think we should measure a good life?"
"believe","Does playing hard against a mate mean you respect them more or less?"
"believe","What's the best reason you can think of to get out of bed every morning?"
"believe","What's a question you've never been able to answer for yourself?"
"believe","What's the point of a holiday, really?"
"believe","What's a belief you hold just because it makes life nicer?"
"believe","What's something you think should be free for everyone?"
"believe","Should you always tell your partner when something's bothering you?"
"believe","Is it wrong to enjoy someone else's bad luck, just a little?"
"believe","What does respect mean to you in a relationship?"
"believe","What's something you'd love to be brave enough to try?"
"believe","What do you think is the hardest part of being a good person?"
"believe","How do you know when you've had enough of something?"
"believe","What's a belief you've completely changed your mind about?"
"believe","What do you think we owe to strangers?"
"believe","Where do you draw the line between honesty and kindness?"
"believe","Is there anything you think should never be joked about?"
"believe","What's a moral line you've seen other people cross that shocked you?"
"believe","What do you think is the purpose of art?"
"believe","What do you believe about second marriages, second loves or second starts?"
"believe","What's a modern habit you think future generations will laugh at?"
"believe","Do you think we're responsible for the happiness of the people we love?"
"believe","Do you believe people show their true selves when they're under pressure?"
"believe","Is it ever okay to read your partner's messages?"
"believe","Is sledging part of the game or just bullying with a scoreboard?"
"believe","Should we live as if every day is our last, or is that terrible advice?"
"believe","What's a decision you think should always be made together as a couple?"
"believe","Do you think we choose who we fall in love with?"
"believe","Is there something most people accept that you quietly disagree with?"
"believe","What's one way you think you could be a better partner?"
"believe","Is it wrong to want more than you already have?"
"believe","Do you think people are born brave or become brave?"
"believe","Should pushy sports parents be banned from the sidelines?"
"believe","Is it right to tell someone a hard truth they didn't ask for?"
"believe","What do you think makes a celebration meaningful?"
"believe","What do you think we owe the planet?"
"believe","Is there anything you believe is sacred?"
"believe","Should you tell a friend if you don't like their partner?"
"believe","What's the most important thing sport teaches kids that school can't?"
"believe","Is it ever okay to lie to protect someone's feelings?"
"believe","What does being grown up actually mean to you?"
"believe","Is it fair to expect your partner to change for you?"
"believe","What's the most valuable thing you own that has no price?"
"believe","What do you think it means to be a good neighbour?"
"believe","What would you stand up for, even if you stood alone?"
"believe","When is it right to walk off the field in protest?"
"believe","Is it better to be a big fish in a small pond or a small fish in a big one?"
"believe","Is it better to have a plan or to go with the flow?"
"believe","What does home mean to you now compared to when you were a kid?"
"believe","What do you think are the most important words in a relationship?"
"believe","What's something you believe about love that you didn't used to?"
"believe","Do you think gratitude can be practised, or is it just a feeling?"
"believe","How do you want to be remembered by people who barely knew you?"
"believe","What's a value you think our relationship is built on?"
"believe","Should love ever be unconditional?"
"believe","What do you think is the best age to be, and why?"
"believe","What's a hard truth you've had to accept?"
"believe","What do you think makes someone wise?"
"believe","What do you think we should stop pretending about?"
"believe","What's your view on keeping score in a relationship?"
"believe","What do you think is worth fighting for in a relationship?"
"believe","Would you rather win ugly or lose playing beautifully?"
"believe","What do you think people need more of: patience or courage?"
"believe","Should we judge people by their intentions or their actions?"
"believe","Is there such a thing as a good argument between couples?"
"believe","Is winning everything, or is how you play the real point?"
"believe","What's the right amount of ambition for a happy life?"
"believe","What's something you believe makes a good weekend?"
"believe","Should junior sport keep score, or does that ruin it for little kids?"
"believe","Do you think people get kinder or harder as they age?"
"believe","What do you think it takes to be truly content?"
"believe","Should you ever lend money to friends or family?"
"believe","What does it mean to really show up for someone?"
"believe","What's a lesson you think every kid should learn early?"
"believe","What does good sportsmanship look like when you've just lost a final?"
"believe","Is there something you believe now that would surprise your younger self?"
"believe","Is it ever fair to judge someone by their past?"
"believe","How much should we trust experts over our own gut?"
"believe","What's something you've come to believe about yourself through us?"
"believe","Do you think everything happens for a reason?"
"believe","What's something you'd happily pay more for because it's done right?"
"believe","What does it mean to have integrity when it costs you something?"
"believe","How much does where you grow up shape who you become?"
"believe","Should we try to be happy, or does happiness only come when you stop chasing it?"
"believe","Is there a difference between being nice and being kind?"
"believe","How do you know when it's time to let go of something?"
"believe","How do you decide who deserves your trust?"
"believe","Do you think children should be told the whole truth about hard things?"
"believe","How much should you sacrifice for your career?"
"believe","What's a type of courage you think goes unnoticed?"
"believe","Is it possible to be both humble and proud of yourself?"
"believe","Should you help someone who refuses to help themselves?"
"believe","What do you owe to the people you love?"
"believe","Is it more important to be understood or to understand?"
"believe","What do you think is the biggest gift you can give a child?"
"believe","What's a quality you'd want our relationship to be known for?"
"believe","Is it possible to be truly happy without being content?"
"believe","Do you think the past was simpler, or do we just remember it that way?"
"believe","Do you think it's more important to be fair or to be generous?"
"believe","Is gossip always harmful, or does it have a purpose?"
"believe","When an umpire gets it wrong, how much should you let it go?"
"believe","What's something you think everyone should experience at least once?"
"believe","Is there a difference between being busy and being productive?"
"believe","What's something you think people should apologise for more often?"
"believe","What does being a good person mean to you?"
"believe","Is ignorance ever bliss?"
"believe","What's your idea of a perfectly ordinary good day?"
"believe","What's a principle you try to live by every day?"
"believe","Do you believe in luck, or do we make our own?"
"believe","What's a habit you think says a lot about someone's character?"
"believe","What do you think is the hardest kind of courage?"
"believe","Do you think we should try to be remembered at all?"
"believe","What do you think makes a good leader?"
"believe","What's one thing you think every adult should know how to do?"
"believe","Should you ever be completely selfless?"
"believe","What's a word you think gets used so much it's lost its meaning?"
"believe","What's a compliment that means more to you than any other?"
"believe","What role does luck play in someone's success?"
"believe","Is it more important to be respected or to be liked?"
"believe","Do you think people should retire, or keep working as long as they can?"
"believe","What's a belief you hold that you find hard to explain?"
"believe","What does a meaningful Sunday look like to you?"
"believe","How do you feel about people who never take risks?"
"believe","Is jealousy ever a healthy feeling in a relationship?"
"believe","What do you think is the most beautiful thing people do for each other?"
"believe","What makes an apology a good one?"
"believe","Is it better to know the truth even if it hurts?"
"believe","Should you stay in a job you dislike for the security?"
"believe","Do you think it's important to have a faith or spiritual life?"
"believe","What do you think is worth waiting a long time for?"
"believe","What do you think is the best way to settle a disagreement?"
"believe","How much should money decide who wins in sport?"
"believe","Do you believe people come into your life at exactly the right time?"
"believe","What's the most important promise you've ever made?"
"believe","What's a choice you made that you'd defend to anyone?"
"believe","What's the most important thing money can't buy?"
"believe","Is it better to be calm in a crisis or fired up?"
"believe","Is there a difference between keeping a secret and telling a lie?"
"believe","Is there a right way to grieve?"
"believe","Should parents be friends with their kids, or something else entirely?"
"believe","Should you forgive someone who never says sorry?"
"believe","Is it okay to outgrow a friendship?"
"believe","How do you know if someone is genuinely sorry?"
"believe","What would you want people to say about you when you're not in the room?"
"believe","Do you think technology should be kept away from kids, and for how long?"
"believe","Do you think kindness is a choice or a personality trait?"
"believe","What's something you think adults could learn from kids?"
"believe","What's something you think people get wrong about happiness?"
"believe","What would you want our kids, or the next generation, to believe about love?"
"believe","How do you decide what's right when there's no clear answer?"
"believe","Should you ever stay friends with an ex?"
"believe","What's a ritual or tradition you think is worth keeping alive?"
"believe","Is boredom good for us?"
"believe","Should professional athletes have to be role models, or is that unfair to them?"
"believe","Is it better to be a generalist or a specialist in life?"
"believe","What's a value you got from your family that you want to keep?"
"believe","Do you think we're too hard on people who fail publicly?"
"believe","Should technology replace umpires if it means fewer mistakes?"
"believe","Do you think being competitive is a strength or a weakness?"
"believe","Is it better to be early or exactly on time, and what does it say about you?"
"believe","Is technology making us closer or further apart?"
"believe","What do you think makes a good teacher, coach or mentor?"
"believe","Is it braver to speak up or to stay quiet and listen?"
"believe","Is tanking for a better draft pick smart strategy or a betrayal of the fans?"
"believe","Is it possible to be completely unbiased?"
"believe","What do you think is the biggest myth about marriage?"
"believe","Is it fair to expect the same effort from everyone?"
"believe","Is it more admirable to be naturally gifted or to scrap your way to the top?"
"believe","Should a team that keeps losing still have your loyalty, no matter what?"
"believe","What's a cause you'd give your weekends to?"
"believe","What's something you'd want to unlearn if you could?"
"believe","What's a quality you think is undervalued in people?"
"believe","Do you believe there's such a thing as too much honesty in a couple?"
"believe","What's a rule you follow even when nobody would ever know?"
"believe","What do you think is the best thing about being an ordinary person?"
"believe","Should the person who earns more get more say in a household?"
"believe","Is staying busy a good thing or a way of avoiding things?"
"believe","What role should family play in the big decisions of your life?"
"believe","What's the most underrated way to show love?"
"believe","What's a small injustice that really gets under your skin?"
"believe","What's something you think should be taught in every school?"
"believe","When is loyalty the wrong choice?"
"believe","Is it okay to change your mind about something big in public?"
"believe","Is it more important to have adventure or stability in your life?"
"believe","Do you think talent is wasted if it's never used?"
"believe","Is it ever okay to stage for a free kick or take a dive?"
"believe","What do you think it means to be a good loser in life, not just games?"
"believe","What do you think it means to age well?"
"believe","What's the difference between being alone and being lonely?"
"believe","What's something you think is overrated, and something underrated?"
"believe","Is it kinder to let someone learn the hard way or to step in?"
"believe","What does a fair world look like to you?"
"believe","What's something you'd never compromise on?"
"believe","Is it fair to boo a player who left your club for more money?"
"believe","Do you think hard work always pays off?"
"believe","Is a sporting rivalry healthy, or does it bring out the worst in people?"
"believe","What does forgiveness mean to you?"
"believe","What's the most important thing to protect in a friendship?"
"believe","Do you think it's important to win arguments, or just to end them well?"
"believe","How much should our past relationships shape how we love now?"
"believe","What's one change you believe would make everyday life fairer?"
"believe","What would you do differently if nobody could ever judge you?"
"believe","What's something you'd like to believe in more strongly?"
"believe","Do you think people are mostly good?"
"believe","What's something you think the world needs more of right now?"
"believe","What does success really mean to you?"
"believe","How much privacy should couples keep from each other?"
"believe","What's the most important thing you've learned from someone older?"
"believe","Is ambition a good thing, or can it go too far?"
"believe","What's something you consider a non-negotiable in a partner?"
"believe","What's one thing you'd change about how the world treats older people?"
"believe","Is perfectionism a gift or a curse?"
"believe","What's one thing you'd fight to protect for future Australians?"
"believe","Should you always give people a second chance?"
"believe","What's one thing you'd teach the whole world if you could?"
"believe","Should you ever keep a gift you don't like?"
"believe","What do you think happens after we die, if anything?"
"believe","Should you always stick with your first instinct?"
"believe","What's something you think we lose when everything is convenient?"
"believe","What's a rule from your childhood you now think was right after all?"
"believe","What's a little luxury you think everyone deserves?"
"believe","Should a champion who behaves badly off the field still be celebrated?"
"believe","What do you think makes a life meaningful?"
"believe","Should someone who cheated in sport ever get their records back?"
"believe","What's something that used to scare you that you now see differently?"
"believe","What do you think you'll care about more in twenty years?"
"believe","What's the one thing you'd never forgive?"
"believe","What do you think makes someone trustworthy at first meeting?"
"believe","Is it ever right to give up on a goal?"
"believe","Do you think your star sign or personality type says anything real about you?"
"believe","When is it right to break a rule?"
"believe","Is it fair that some people get second chances and others don't?"
"believe","Do you think we celebrate the right kinds of heroes?"
"believe","Do you think we have a duty to vote, volunteer or help our community?"
"believe","How should someone treat a waiter, and what does it reveal?"
"believe","Is it okay to change the team you support, and if so, when?"
"believe","What's something you'd want to be true about the universe?"
"believe","What do you think actually makes a relationship last?"
"fun","If you could time travel once, past or future?"
"fun","What's the best thing about a Bunnings sausage?"
"fun","If you could have any celebrity narrate your day, who would it be?"
"fun","If you walked out to bat at the MCG, what song is blaring?"
"fun","Which supermarket aisle do you spend the most time in?"
"fun","Would you rather be stuck in a lift with a chatterbox or a mime?"
"fun","If you had to coach a team of toddlers, which sport are you choosing?"
"fun","What's a TV theme song you can still sing word for word?"
"fun","What's the most Australian thing you've ever done?"
"fun","What would your celebration be after kicking the winning goal?"
"fun","If you had to live in a shopping centre for a month, which shop is your bedroom?"
"fun","If a theme song played every time you walked into a room, what is it?"
"fun","What's the most fun you've ever had for under twenty bucks?"
"fun","Which sport do you reckon I'd be a sneaky natural at?"
"fun","What's your most controversial food opinion?"
"fun","What's a fact you love telling people at parties?"
"fun","What's the best thing to do on a rainy Saturday?"
"fun","If you were a car, what make and model would you be?"
"fun","If you could live in any decade for a year, which one?"
"fun","What animal do you reckon I'd be, and why?"
"fun","What's the funniest thing you believed as a kid?"
"fun","Would you rather have hiccups for a day or a song stuck in your head for a week?"
"fun","What's the cringiest thing you did as a teenager?"
"fun","What's the most useless app on your phone?"
"fun","Which celebrity do you think would be the best neighbour?"
"fun","What's the best chip flavour ever made?"
"fun","Which home appliance would you save first in a zombie apocalypse?"
"fun","What's the most useless fact you know by heart?"
"fun","Who would play you in a film about your life?"
"fun","What would your perfect pizza have on it?"
"fun","If you could be a professional taste tester, what food are you testing?"
"fun","What fictional world would you actually want to live in?"
"fun","Cake or pie, and what's your winning argument?"
"fun","If you were a horse in the Melbourne Cup, what would your racing name be?"
"fun","Would you rather be a giant among people or tiny among ants?"
"fun","What would your perfect day of doing absolutely nothing look like?"
"fun","Which kitchen utensil best describes your personality?"
"fun","Would you rather know every language or be able to play every instrument?"
"fun","If you were a household pet, which one and how spoiled are you?"
"fun","What would you do with an extra hour every day?"
"fun","What's your perfect pavlova topping?"
"fun","What would our joint training montage song be?"
"fun","Would you rather be a famous chef or a famous musician?"
"fun","Which famous film scene would you most like to recreate?"
"fun","If you could be any age for a week, what age would you pick?"
"fun","If you could ban one word from the English language, which one?"
"fun","Which kids' movie still makes you cry?"
"fun","Would you rather fight one horse-sized magpie or a hundred magpie-sized horses?"
"fun","What's the best thing to put on toast?"
"fun","What's the best concert or gig you've ever been to?"
"fun","What's the best piece of advice you've ever ignored?"
"fun","If we were spies, what would our code names be?"
"fun","What would your villain origin story be?"
"fun","What's the most chaotic group chat you're in, and why?"
"fun","Which famous person would you most like to be stuck on a desert island with?"
"fun","If you could change one thing about the human body, what would it be?"
"fun","Would you rather commentate a lawn bowls final or a hot dog eating contest?"
"fun","If we were a doubles team, what would our team name be?"
"fun","If you had to wear one costume to every party for a year, what is it?"
"fun","What's the most ridiculous thing you've ever cried at?"
"fun","Which song instantly puts you in a good mood?"
"fun","If you could talk to your ten-year-old self for one minute, what's the main message?"
"fun","If you could swap jobs with anyone for a week, who?"
"fun","What's your ideal Sunday morning breakfast?"
"fun","Would you rather always be ten minutes late or always be two hours early?"
"fun","What's a word you love just because of how it sounds?"
"fun","If you could shrink any one thing to pocket size, what would it be?"
"fun","What's the most overpriced thing you've ever paid for?"
"fun","What's your favourite hot chip dipping sauce?"
"fun","What's a weirdly specific thing that makes you irrationally happy?"
"fun","Which sport has the silliest rules if you explain them to a stranger?"
"fun","If you were a font, which one would you be?"
"fun","Which bird do you reckon is the biggest show-off?"
"fun","Which Olympic event would you enter purely for the outfit?"
"fun","What's the best and worst thing about being you?"
"fun","If you could be famous for one thing, what would you pick?"
"fun","Would you rather live without music or without movies?"
"fun","Would you rather be the umpire everyone boos or the water runner everyone ignores?"
"fun","If you were a flavour of ice cream, what would you be?"
"fun","Which Aussie slang word is your all-time favourite?"
"fun","What's the dumbest thing you've ever spent money on?"
"fun","What's a trend you hope never comes back?"
"fun","If you could make one household chore disappear forever, which one goes?"
"fun","If you were drafted tomorrow, what would your highlights reel actually show?"
"fun","If we were a famous duo from history or fiction, who are we?"
"fun","What's the best snack to bring on a long road trip?"
"fun","What's the most dramatic you've ever been about a game you were playing?"
"fun","What's the most useless talent you're weirdly proud of?"
"fun","If you could add one rule to everyone's life, what would it be?"
"fun","What's the most adventurous thing you've ever eaten?"
"fun","What's the one piece of sporting gear you'd love to own just for fun?"
"fun","Would you rather have a personal chef or a personal chauffeur?"
"fun","Would you rather win a grand final in the last second or by a hundred points?"
"fun","Would you rather live in a treehouse or a houseboat?"
"fun","What's the most underrated vegetable?"
"fun","If you were a piece of furniture, what would you be?"
"fun","What's your pre-game ritual, or what would it be if you were a pro?"
"fun","Which sport would be funniest if everyone had to play it in thongs?"
"fun","If you could invent a public holiday, what are we celebrating?"
"fun","What's your favourite thing to order when someone else is paying?"
"fun","What's the funniest typo you've ever sent?"
"fun","If we had a family crest, what would be on it?"
"fun","If you were a condiment, which one and why?"
"fun","Which board game would you burn if you could?"
"fun","What's a hill you'll die on that doesn't actually matter?"
"fun","What's the most over-the-top trophy you'd want to lift?"
"fun","Would you rather go on a cruise or a road trip around Australia?"
"fun","We win the lottery tomorrow. What's the first ridiculous thing we buy?"
"fun","What's the best book you were forced to read at school?"
"fun","If you could make one celebrity your personal trainer, who would it be?"
"fun","If we went on a reality show together, which one are we winning?"
"fun","What's a TV show you'd love to see rebooted?"
"fun","If we started a business together tomorrow, what is it?"
"fun","Which sitcom family is most like yours?"
"fun","If your life had a laugh track, when would it go off most?"
"fun","What's the strangest thing you've ever Googled?"
"fun","Would you rather hear what your dog thinks or what your plants think?"
"fun","What's a sound that drives you absolutely bonkers?"
"fun","What would you name a boat if we owned one?"
"fun","What's a skill you'd learn if it took zero effort?"
"fun","Which decade's fashion would you happily wear every day?"
"fun","If our couch had a commentary team, what would they say about tonight?"
"fun","What's a gadget you'd invent if money were no object?"
"fun","Which fast food item deserves a national award?"
"fun","You get one superpower, but it's mildly inconvenient. What is it?"
"fun","What's something you collected as a kid?"
"fun","If you could swap voices with any celebrity for a day, whose?"
"fun","What's your most-played song of all time, honestly?"
"fun","If our life was a video game, what level are we on?"
"fun","What's the worst present you've ever received?"
"fun","Invent a ridiculous new sport using only things in our kitchen."
"fun","What's the strangest thing you've ever found in your pocket?"
"fun","If our pet could talk for one day, what would they expose about us?"
"fun","What's a movie that's better than the book?"
"fun","What's your strongest opinion about how to stack a dishwasher?"
"fun","If you could only drink one beverage forever, besides water, what is it?"
"fun","What's the pettiest reason you've ever judged someone?"
"fun","Would you rather spend a day as a koala or a dolphin?"
"fun","Would you rather sneeze glitter or burp bubbles?"
"fun","What's a meal you could eat every single day?"
"fun","Which Aussie animal would make the worst housemate?"
"fun","Which fruit do you reckon has the best personality?"
"fun","What's your go-to order at the fish and chip shop?"
"fun","What's a thing grown-ups do that you still find hilarious?"
"fun","Would you rather camp in the outback or on a tropical island?"
"fun","Would you rather have a lifetime supply of chocolate or of cheese?"
"fun","What's the worst film you've ever sat through to the end?"
"fun","If you had to eat one cuisine forever, which wins?"
"fun","What's a small everyday thing you'd never give up?"
"fun","What's the strangest dream you can remember?"
"fun","What's the best smell in the whole world?"
"fun","What's a snack you'd defend to the death?"
"fun","If you could add one item to every supermarket in Australia, what is it?"
"fun","If you were a biscuit, which one would you be?"
"fun","If you could only use one emoji for a month, which one?"
"fun","What's the worst fashion choice you've ever made with total confidence?"
"fun","Would you rather have a voice like a movie trailer or a laugh like a kookaburra?"
"fun","What's a film you've pretended to have seen?"
"fun","If we could teleport anywhere for dinner tonight, where are we eating?"
"fun","Would you rather visit space or the bottom of the ocean?"
"fun","If you were invisible for a day, what's the first thing you'd do?"
"fun","What's the best compliment you've ever had from a stranger?"
"fun","What's the most impressive thing you can cook from memory?"
"fun","What's the best excuse you've ever used to get out of something?"
"fun","Which film villain do you secretly think had a point?"
"fun","Would you rather have a beach house or a snow chalet?"
"fun","If you could eat a meal from any film or TV show, which one?"
"fun","If you could make one animal the size of a house, which one?"
"fun","If you could have any view from our bedroom window, what would it be?"
"fun","If we had a signature couple dance, what would it look like?"
"fun","Which mythical creature would you most like as a pet?"
"fun","What would you rename yourself if you had to pick a new first name?"
"fun","If you could master any instrument overnight, which one?"
"fun","If you were a lolly, which one would you be?"
"fun","Would you rather be the fastest player on the field or the funniest?"
"fun","What's the best gift you've ever been given?"
"fun","If you could have dinner with any three people, living or dead, who's at the table?"
"fun","If we swapped lives for a day, what would surprise you most?"
"fun","What would you shout from the outer if you were a one-eyed supporter of me?"
"fun","Would you rather play a whole season in the rain or in forty-degree heat?"
"fun","What's the weirdest thing you've seen on public transport?"
"fun","Which holiday destination would you go back to tomorrow?"
"fun","Would you rather lose your phone for a week or your voice for a week?"
"fun","What would be the worst possible flavour of toothpaste?"
"fun","If our fridge could talk, what would it complain about?"
"fun","Would you rather be the funniest person in the room or the smartest?"
"fun","Which sport do you think animals would be best at, and which animal?"
"fun","Which film soundtrack would you want playing through your whole life?"
"fun","What's your ultimate comfort food after a rough day?"
"fun","What's the weirdest food combination you secretly love?"
"fun","Would you rather have a pet kangaroo or a pet emu?"
"fun","Would you rather have a tail or whiskers?"
"fun","What's your go-to karaoke song?"
"fun","What's the worst haircut you've ever had?"
"fun","What's the most 'you' thing you own?"
"fun","Would you rather swim with sharks or hold a huntsman?"
"fun","Which emoji do you overuse the most?"
"fun","What's the cheesiest film you'd happily watch on repeat?"
"fun","If we had a podcast, what would it be about?"
"fun","Which song would you choose as your ringtone forever?"
"fun","What's a band you'd love to see live, past or present?"
"fun","If animals could talk, which would be the rudest?"
"fun","Which TV show would you most like to be a background extra in?"
"fun","What's your strangest habit that you think is completely normal?"
"fun","Would you rather have unlimited free flights or unlimited free food?"
"fun","What's the best dessert you've ever eaten?"
"fun","If our house had a secret room, what would be in it?"
"fun","What's a board or card game that brings out your competitive side?"
"fun","Which sport would you be absolutely hopeless at, and why?"
"fun","What's a song you know every word to that you're a bit embarrassed about?"
"fun","If you could instantly know one true thing, what would you ask?"
"fun","What's the most satisfying sound you can think of?"
"fun","Which sport looks easy on telly but you know would destroy you?"
"fun","Would you rather only eat breakfast foods or only eat dessert foods forever?"
"fun","What's the best way to eat a Tim Tam?"
"fun","What's your favourite way to waste a whole afternoon?"
"fun","What nickname would the commentators give you within your first game?"
"fun","What's the best thing you've ever made with your own hands?"
"fun","What's the best costume you've ever worn?"
"fun","If backyard cricket had a hall of fame, what's your claim to it?"
"fun","What's the best road trip you've ever been on?"
"fun","If you had a catchphrase, what would it be?"
"fun","What's a nickname you've had that you secretly liked?"
"fun","Would you rather wear a onesie to work or a tuxedo to the beach?"
"fun","Which cartoon character are you most like?"
"fun","If our life together were a film, what genre is it?"
"fun","If you were a ghost, where would you haunt?"
"fun","Would you rather have a permanent clown nose or permanent clown shoes?"
"fun","Which film would you remake with us as the stars?"
"fun","Would you rather eat a whole lemon or a whole raw onion?"
"fun","What's the weirdest thing you've eaten on a dare?"
"fun","Would you rather have a mansion in the city or a farm in the country?"
"fun","Which TV character would you want as a flatmate?"
"fun","What's the most random thing in your search history right now?"
"fun","If you could make every Tuesday themed, what's the theme?"
"fun","Would you rather have a spa day or a day at the cricket with a cold drink?"
"fun","What's a dance move you're quietly confident about?"
"fun","If you could design your own flavour of chips, what is it?"
"fun","If you could make any backyard game an Olympic sport, which one?"
"fun","Would you rather be able to talk to birds or understand cats?"
"fun","Would you rather have every red light turn green or never wait in a queue again?"
"fun","What's a food you'd happily never eat again?"
"fun","What's the best name for a dog you've ever heard?"
"fun","What's your go-to dish when you're trying to impress someone?"
"fun","What's a cooking disaster you'll never live down?"
"fun","Which fictional sidekick would you want as your best mate?"
"fun","What's the best thing you've ever found by accident?"
"fun","What's your ideal sausage sizzle setup, bread, onions and sauce included?"
"fun","If our relationship had a mascot, what would it be?"
"fun","What's the worst sports injury you could get from something embarrassing?"
"fun","If you could live inside any painting or photo, which one?"
"fun","Would you rather be a contestant on a cooking show or a quiz show?"
"fun","What's a movie quote you use way too often?"
"fun","What's the most memorable meal you've had on holiday?"
"fun","What's the silliest argument you've ever had with a mate?"
"fun","What's a conspiracy theory you secretly kind of enjoy?"
"fun","What's your hot take on pineapple on pizza, and are you sure?"
"fun","If you could only watch one film for the rest of your life, which one?"
"fun","Would you rather be able to fly at walking pace or teleport but only one metre?"
"fun","What's the best ever Aussie TV ad?"
"fun","What's the best ride you've ever been on at a show or theme park?"
"fun","What's the best stadium food, and what's the most overrated?"
"fun","What's the most suspicious thing about seagulls?"
"fun","What's your favourite thing about Christmas in summer?"
"fun","Would you rather spend a night in a museum or a theme park?"
"fun","What's the most overrated food everyone pretends to love?"
"fun","What would the title of your autobiography be?"
"fun","What's a word or phrase you think should be more popular?"
"fun","What's the most beautiful place you've ever seen in Australia?"
"fun","What's the most ridiculous fact you know about any sport?"
"fun","Would you rather have a rewind button or a pause button for life?"
"fun","Which famous landmark is most overrated, in your opinion?"
"fun","What's your most irrational food rule?"
"fun","What's the weirdest job you'd secretly enjoy?"
"fun","Would you rather drink only cordial or only iced coffee for a year?"
"fun","If you could hire a stunt double for one everyday task, which task?"
"fun","Would you rather sing everything you say or rhyme everything you say for a day?"
"fun","Would you rather lose your sense of taste or your sense of smell?"
"fun","What's the best thing that's happened to you this week?"
"fun","Would you rather have a robot butler or a time-freezing remote?"
"fun","If you were a team mascot, what creature are you and what's your signature move?"
"fun","What's a song that should be banned from weddings?"
"fun","What would your signature cocktail or mocktail be called?"
"fun","What's a silly fear you still have?"
"fun","Which sport would you invent a rule change for, and what's the rule?"
"fun","Would you rather never have to sleep or never have to eat?"
"fun","What's the best album to play start to finish?"
"fun","What's a tradition you'd love us to start?"
"fun","If you were a weather pattern, what would you be?"
"fun","If you opened a café, what's the one signature item on the menu?"
"fun","If you could rename any Aussie town, which one and what's the new name?"
"fun","If you had to describe me as a sandwich, what am I?"
"fun","If you could own any shop in the world for a day, which one?"
"fun","If you could bring back one extinct animal, which one?"
"fun","What's the best meat pie you've ever had at the footy?"
"fun","If our street had a talent show, what would you perform?"
"fun","Which school subject would you go back and ace now?"
"fun","Would you rather have a dragon or be a dragon?"
"heart","What's a small adventure that would lift your spirits?"
"heart","What do you need more of right now?"
"heart","How do you feel when plans fall through, and what helps?"
"heart","When did you realise you were stronger than you thought?"
"heart","What's a regret you've made peace with?"
"heart","What's something beautiful you noticed today?"
"heart","What's one thing you'd love us to be gentler with each other about?"
"heart","What's something about our life together that makes you feel proud?"
"heart","What's something kind you could say to yourself right now?"
"heart","What's a place from your past you'd love to visit to feel close to old memories?"
"heart","What's a noise in your head you'd love to turn down?"
"heart","What's a question you wish people asked you more?"
"heart","What's a trait you inherited that you're grateful for?"
"heart","What movement makes you feel most alive?"
"heart","What's a part of nature that helps you breathe easier?"
"heart","When do you feel most confident in who you are?"
"heart","What do you miss about us from earlier days?"
"heart","What has sport taught you about failing and trying again?"
"heart","What does courage look like for you in everyday life?"
"heart","Which version of yourself are you most proud of growing into?"
"heart","What do you need from me when you go quiet?"
"heart","What's a simple pleasure that never fails to lift you?"
"heart","What do you do when you feel misunderstood?"
"heart","What's a worry you'd like me to hold for you tonight?"
"heart","What's something you've accepted about life that brought you peace?"
"heart","What time of day do you feel most hopeful?"
"heart","What's a word you'd like to describe this chapter of your life?"
"heart","Which emotion visited you most often this week?"
"heart","What does joy look like on you, from the inside?"
"heart","What's something you've forgiven yourself for, or want to?"
"heart","What's a sporting moment that gave you goosebumps and why?"
"heart","What does being patient with yourself look like?"
"heart","What's a compliment that has stuck with you for years?"
"heart","What helps you feel brave before something nerve-wracking?"
"heart","What helps you come back to yourself after a rough day?"
"heart","What's something you'd like to be remembered for by the people you love?"
"heart","What are you grateful for today that's easy to overlook?"
"heart","What's the last thing that made you feel genuinely calm?"
"heart","What's a creative itch you'd love to scratch?"
"heart","What does feeling secure mean to you?"
"heart","What part of your work quietly wears you down?"
"heart","What makes you feel truly rested?"
"heart","Which compliment do you find hardest to accept, and why?"
"heart","What's a fear you've grown out of?"
"heart","What part of being loved by me surprised you?"
"heart","What's an early sign that you're really happy?"
"heart","What's something that used to scare you that you now enjoy?"
"heart","Is there anything you need from me tonight that you haven't asked for?"
"heart","What do you hope I always remember about you?"
"heart","What's something you're looking forward to that keeps you going?"
"heart","What would help your mornings feel less rushed?"
"heart","What makes you feel capable when everything feels too much?"
"heart","When do you feel most at peace?"
"heart","What would you like to feel less of next month?"
"heart","What would it look like to put yourself first for one evening?"
"heart","How do you recharge after a big social day?"
"heart","What's a recent moment of pure joy, however small?"
"heart","What's something hard you're doing that I should be cheering louder for?"
"heart","What money worry would you like to stop carrying alone?"
"heart","What's a hard season we got through that you're grateful for now?"
"heart","What would make tomorrow feel a little lighter for you?"
"heart","What's the kindest thing you've done for yourself this year?"
"heart","What's a habit you'd like to gently swap for a kinder one?"
"heart","How can I best support you before a game or competition?"
"heart","What do you find yourself longing for lately?"
"heart","What part of your day do you look forward to most?"
"heart","How do you handle pressure differently on the field compared to everyday life?"
"heart","What makes you feel cared for without a word being said?"
"heart","What do you do that makes you lose track of time in a good way?"
"heart","When your thoughts race at night, what helps them settle?"
"heart","What's a part of your story you're still making sense of?"
"heart","What's something you're still healing from?"
"heart","When did you last feel useful in a way that mattered?"
"heart","What news would make you happiest to hear this year?"
"heart","Whose approval matters less to you now than it used to?"
"heart","What's something you're proud of but never brag about?"
"heart","What part of your life feels most steady right now?"
"heart","When do you feel most like yourself?"
"heart","What's something you want me to know about you that I might not?"
"heart","What's something you miss that you don't talk about?"
"heart","What's a quirk of yours that you've grown fond of?"
"heart","What's a tradition that makes you feel connected to your roots?"
"heart","What helped you heal the last time your heart was bruised?"
"heart","What's been your biggest comfort this year?"
"heart","What's something you're scared to want?"
"heart","What's a small thing that tipped a bad day into an okay one?"
"heart","When did you last feel completely carefree?"
"heart","What's a goal you're carrying that feels heavy rather than exciting?"
"heart","What's something you're excited about that you haven't fully shared yet?"
"heart","What's something you've never thanked me for that you'd like to now?"
"heart","What injustice affects you more than people might guess?"
"heart","What's a question you've been asking yourself lately?"
"heart","What part of your work makes you feel most capable?"
"heart","What's a family pattern you've chosen not to repeat?"
"heart","When has sport helped you through a hard patch in life?"
"heart","What would a truly restful weekend look like for you right now?"
"heart","How full is your cup tonight, out of ten?"
"heart","When did you last feel truly seen?"
"heart","What would you let yourself off the hook for tonight?"
"heart","What's a room or corner of our home where you feel most relaxed?"
"heart","What makes you feel small, and what makes you feel strong?"
"heart","What's a lesson your heart learned the hard way that you're glad to know now?"
"heart","What's a worry you'd like to swap for curiosity instead?"
"heart","What kind of quiet do you crave most when life gets loud?"
"heart","What does grief feel like for you when it shows up unexpectedly?"
"heart","What's an expectation of others that you'd like to let go?"
"heart","What's a feeling you used to hide that you can share with me now?"
"heart","What helps you trust that things will work out?"
"heart","Which of your feelings tends to show up as tiredness?"
"heart","What would help you feel more at home in your own skin?"
"heart","Which coach or teammate made you feel like you belonged?"
"heart","What's one boundary that's been good for you?"
"heart","What makes you feel respected?"
"heart","What's something you miss about being a teenager?"
"heart","What's a mistake that ended up teaching you something precious?"
"heart","What's something you'd like to let go of this year?"
"heart","Which part of today would you happily live again?"
"heart","Is there someone you've been missing lately?"
"heart","What do you wish you could say no to more easily?"
"heart","What's something you need to hear more often?"
"heart","What's been giving you energy lately, even in small doses?"
"heart","What does feeling loved look like for you on an ordinary day?"
"heart","When do you feel like you have to hold it all together?"
"heart","Where do you feel the strongest sense of community?"
"heart","How does it feel when you're part of a team that's really clicking?"
"heart","Who made you feel good about yourself this week?"
"heart","What's something you're quietly hoping for?"
"heart","What are you harder on yourself about than you should be?"
"heart","What do you think you need more rest from: your body, your mind or people?"
"heart","What's the gentlest way to bring up something that's bothering you?"
"heart","How can I tell when you need space versus company?"
"heart","How do you like to be comforted when you're unwell?"
"heart","When did you last cry, and was it a good cry or a hard one?"
"heart","What's a teacher or mentor who changed how you saw yourself?"
"heart","What's something you did today purely for yourself?"
"heart","What smell instantly makes you feel calm?"
"heart","How do you feel about your body this week, honestly and kindly?"
"heart","When you feel disconnected from me, what brings you back?"
"heart","What's one way your heart has toughened up in a good way?"
"heart","What's a game you lost that hurt more than you expected?"
"heart","What's something you've been brave about lately?"
"heart","What helps you sit with sadness instead of rushing past it?"
"heart","What part of your day would you like me to ask about more?"
"heart","If your best friend were in your shoes this week, what would you tell them?"
"heart","What made you feel valued at work or in your circle recently?"
"heart","What do you feel most hopeful about for our future?"
"heart","What's an object you own that holds a lot of feeling?"
"heart","What's one feeling you'd like me to ask you about tomorrow?"
"heart","How are you really, beyond 'fine'?"
"heart","What's a fear about getting older that you'd like to talk about?"
"heart","What's a boundary you'd like to set but haven't yet?"
"heart","Which worry turned out smaller than you expected recently?"
"heart","What's something you've told very few people?"
"heart","What's a part of growing older that you're actually enjoying?"
"heart","What's a small win from this week that deserves celebrating?"
"heart","What's your favourite memory of celebrating with teammates?"
"heart","What's one thing I could take off your plate this week?"
"heart","How has your sleep been, and is anything keeping you up?"
"heart","What's one thing you're grateful I did for you this month?"
"heart","What does a good training session do for your head?"
"heart","What place in the world makes your shoulders drop?"
"heart","If your week were weather, what would the forecast be?"
"heart","What's a worry that's been sitting with you this week?"
"heart","When did someone really show up for you, and how did it feel?"
"heart","What would you like to tell yourself the morning after a tough loss?"
"heart","What's a feeling you'd like to bottle up and keep forever?"
"heart","What's something that makes you feel competent and calm?"
"heart","What would feeling appreciated look like for you this week?"
"heart","What's quietly draining your energy at the moment?"
"heart","What's an emotion you're learning to welcome instead of fight?"
"heart","What's a habit that's been looking after you lately?"
"heart","What do you wish people understood about you?"
"heart","Which season of the year suits your mood best, and why?"
"heart","What's a reassurance you'd like from me more often?"
"heart","What's something you want to give yourself permission to do?"
"heart","What's a gentle goal for your wellbeing this month?"
"heart","Is there a conversation you're dreading, and can I help you prepare?"
"heart","What's a time you felt out of your depth but kept going?"
"heart","When have you felt most supported by a crowd or a team?"
"heart","What does the nervous feeling before a big game feel like for you?"
"heart","What feels uncertain for you right now?"
"heart","What's a sign that you're running on empty?"
"heart","How do you feel when you're sitting on the bench or can't play?"
"heart","What's an achievement you never got proper credit for?"
"heart","What's a memory that always makes you smile when you're down?"
"heart","What does support look like to you on a bad day?"
"heart","How do you know I'm stressed, and what do you wish I'd do then?"
"heart","What makes you feel like we're a team?"
"heart","What does home mean to you right now?"
"heart","What's something you're proud of me for that I might not know?"
"heart","What's a strength you've found in yourself through love?"
"heart","What's a small kindness you'd like to receive this week?"
"heart","What do you love about who you are when you're with me?"
"heart","What's something you've changed your mind about that freed you up?"
"heart","What does contentment look like for you on a Sunday?"
"heart","What's a decision you made from the heart rather than the head?"
"heart","What would your younger self be most relieved to know about your life now?"
"heart","What's a moment you felt completely understood?"
"heart","What's something you're curious to learn that excites you?"
"heart","What's something you'd like to feel proud of by summer?"
"heart","What do you want more of in our evenings together?"
"heart","Who believed in you before you believed in yourself?"
"heart","What reminds you that you're on the right path?"
"heart","What's something kind you did recently that nobody noticed?"
"heart","How has playing sport shaped the way you handle tough days?"
"heart","What does your gut usually tell you that you sometimes ignore?"
"heart","How do you know when something is right for you?"
"heart","What's an old hurt that doesn't sting like it used to?"
"heart","What's a loss you think about more than people would guess?"
"heart","What does slowing down feel like for you?"
"heart","What makes you feel like you belong?"
"heart","What's something you'd like to say to someone who hurt you, even if you never do?"
"heart","Does sport ever feel like a pressure rather than a release for you?"
"heart","Which friend always leaves you feeling better?"
"heart","What does a hug from the right person do for you?"
"heart","What's a part of yourself you're still getting to know?"
"heart","How do you like to remember someone you've lost?"
"heart","What's a small ritual that helps you feel grounded?"
"heart","What does a really good day feel like in your body?"
"heart","What's a moment you felt overwhelmed with gratitude?"
"heart","What's a fear that loving someone has stirred up in you?"
"heart","What part of your life feels a bit wobbly at the moment?"
"heart","What's something you've been missing about your own company?"
"heart","When was the last time you felt really free?"
"heart","Is there a friendship you'd like to put more love into?"
"heart","What's an injury or setback that tested you emotionally?"
"heart","What are you proud of about the way you love people?"
"heart","What did you need most during the toughest week you've had this year?"
"heart","What are you most looking forward to sharing with me in the next year?"
"heart","What's a dream you've quietly kept alive?"
"heart","What's been the hardest year of your life, and what got you through it?"
"heart","What does balance look like for you at this stage of life?"
"heart","What's a way you've grown in the time we've been together?"
"heart","What's something you used to believe about yourself that you've outgrown?"
"heart","What would you do this year if you weren't afraid of failing?"
"heart","What do you do when you feel lonely, even around people?"
"heart","What's a photo that means the world to you?"
"heart","What's something I've said that has stayed with you?"
"heart","What do you wish you'd been told when you were younger?"
"heart","What's the proudest moment you've had playing sport?"
"heart","Is there anything left unsaid between us that you'd like to share gently?"
"heart","What's a weight you're still carrying that you'd like to put down?"
"heart","What helps you feel proud of a day, even when it wasn't perfect?"
"heart","When did you last feel playful, like a kid again?"
"heart","What would you like to celebrate about yourself this year?"
"heart","What's a cause or value that makes your heart beat faster?"
"heart","What's a feeling you find hard to put into words?"
"heart","What moment this month made you laugh the hardest?"
"heart","What's a way you show love that might go unnoticed?"
"heart","What's something that made you feel hopeful recently?"
"heart","How do you pick yourself up after a bad performance on the field or court?"
"heart","What's something your body did recently that you're thankful for?"
"heart","What's a moment with me when you felt completely at ease?"
"heart","What is it about watching a close game together that makes you feel connected?"
"heart","What sort of encouragement works best for you?"
"heart","Who do you call when you need cheering up, besides me?"
"heart","What did comfort look like when you were little?"
"heart","What's one thing you'd like to stop apologising for?"
"heart","What's a song that matches your mood right now?"
"heart","What's a moment you felt truly safe?"
"heart","What part of you feels most tender right now?"
"heart","What's something you're afraid of that you don't talk about much?"
"heart","When you're anxious, what's the most helpful thing I can do?"
"heart","When our team loses, what helps you shake off the disappointment?"
"heart","What's one way your heart has softened over the years?"
"heart","What's a gesture that instantly makes you feel loved?"
"heart","What does feeling grounded look like when life gets busy?"
"heart","What's something you've been putting off because it feels too big?"
"heart","What's been on your mind lately that you haven't said out loud?"
"heart","What part of your personality do you love most?"
"heart","What's a kindness from a stranger you still remember?"
"heart","What food feels like a hug to you?"
"heart","When you're sad, would you rather talk it out or just be held?"
"heart","How would you describe your heart today in three words?"
"heart","Which of your needs tends to get pushed to the bottom of the list?"
"heart","When did you last feel really proud of yourself?"
"heart","What was your safe place as a kid?"
"heart","What feeling do you chase when you play sport?"
"heart","What's a quality in me that helps you feel steady?"
"heart","What's a moment you felt proud to be you?"
"heart","What's one thing that made you feel less alone this year?"
"heart","What's something about yourself you're working on right now?"
"heart","What would help you feel more connected to me this week?"
"heart","How do you know when you need a break before you take one?"
"heart","When did you last surprise yourself?"
"heart","What's a moment you stood up for yourself and felt good about it?"
"heart","Who in your life do you wish you were closer to?"
"heart","What's a memory that still makes your chest feel warm?"
"heart","What does it feel like when you're overwhelmed, and what helps?"
"heart","What's a hard thing you handled better than you thought you would?"
"heart","What's a way I make you feel safe that I might not realise?"
"heart","What's a recent day when you felt completely in flow?"
"heart","What's a promise you've made to yourself?"
"heart","Where in your body do you feel stress first?"
"heart","What would you like to feel more of next month?"
"sport","Who was the best teammate you ever had, and why?"
"sport","Do you think being competitive makes you better or harder to live with?"
"sport","Where's the best place to watch the Grand Final if we're not at the G?"
"sport","Which sport would you be the worst commentator for?"
"sport","What's the best sporting broadcast moment you remember word for word?"
"sport","What's a World Cup moment you'll never forget?"
"sport","Tell me about the best coach you ever had."
"sport","What's the most dramatic comeback you've ever witnessed?"
"sport","Which house colour were you at school, and did you care?"
"sport","Have you ever won a trophy, and where is it now?"
"sport","What's the one skill you were naturally gifted at?"
"sport","What's a weird team tradition you were part of?"
"sport","Would you ever do the Melbourne Marathon or Run Melbourne with me?"
"sport","Have you ever had a sporting rivalry with a sibling or mate?"
"sport","Have you ever been the one who cost your team the game?"
"sport","Which sport has the best uniforms, and which has the worst?"
"sport","What's the best Grand Final entertainment you remember?"
"sport","If we could only keep one sport on telly forever, which one stays?"
"sport","Did you ever play through an injury you definitely shouldn't have?"
"sport","What's the most underrated sport you've tried?"
"sport","If we had our own sports talk show, what's it called?"
"sport","What's a time you showed real grit, on or off the field?"
"sport","Which friend would be the first to get a yellow card in social soccer?"
"sport","How do you want to stay fit together as we get older?"
"sport","Would you rather do a surf trip to Bali or a ski trip to Japan?"
"sport","How do you think sport shaped who you are?"
"sport","What would your ideal Saturday morning sport be now?"
"sport","What's one way sport helps your mental health?"
"sport","Would you rather play in a packed stadium or an empty one with millions watching on TV?"
"sport","What's your stance on talking during a tight finish?"
"sport","What's your walk-up song if you were walking out to bat?"
"sport","Which of us would be the stricter coach?"
"sport","What's the most legendary catch you've ever seen in backyard cricket?"
"sport","Pick the friend you'd want beside you in a rugby scrum."
"sport","If you could commentate one moment of our life together, which one?"
"sport","Did you ever get sent off, sin-binned or reported?"
"sport","Who would win in a triathlon between us, and by how much?"
"sport","What childhood sports injury do you still have a scar from?"
"sport","Couch or stadium: where do you most love watching a big game?"
"sport","What's a sport that should be in the Olympics but isn't?"
"sport","Which sport would you most like to see played on ice?"
"sport","Which big event is better live: the AFL Grand Final or the Boxing Day Test?"
"sport","What sporting habit of mine do you admire most?"
"sport","If you could change one rule in cricket, what would it be?"
"sport","What's one sport you'd happily watch live but never on TV?"
"sport","What's your favourite Olympic sport to watch every four years?"
"sport","Who's your pick for the greatest tennis player of all time, and why?"
"sport","Which sport would be funniest if played by toddlers?"
"sport","What's the toughest opponent you've ever faced?"
"sport","What childhood sporting loss still stings a little?"
"sport","What did you think it meant to be a good sport when you were little?"
"sport","What was the first live game you ever went to?"
"sport","Which Olympics do you remember most vividly from childhood?"
"sport","What was your team's worst ever loss?"
"sport","What's on our sporting bucket list as a couple?"
"sport","What does good sportsmanship look like to you?"
"sport","What sporting rule did you invent as a kid that you still stand by?"
"sport","What part of being a sports fan do you think makes us closer?"
"sport","What sport did you play in the school yard every single lunch?"
"sport","What sport do you reckon you'd be surprisingly good at?"
"sport","Which childhood sport did your parents drive you to the most?"
"sport","What's the best orange-slice-at-half-time memory you have?"
"sport","Have you ever left a game early and regretted it?"
"sport","What does it mean to you to be a good teammate in a relationship?"
"sport","Do you have a pre-game meal you swear by when you're the one playing?"
"sport","Would you rather play social mixed netball or indoor cricket with me?"
"sport","If you could play one sport on another planet with low gravity, which?"
"sport","Would you rather win a gold medal or a Grand Final?"
"sport","What position did you always end up playing?"
"sport","What's the most impressive athletic feat a human has ever done?"
"sport","What's the hardest training session you've ever survived?"
"sport","What was the first sporting jersey you ever owned?"
"sport","If we could attend any Olympics in history, which would it be?"
"sport","What's your earliest sporting memory?"
"sport","Would you want our weekends to revolve around kids' sport one day?"
"sport","Have you ever cried at a sporting moment?"
"sport","What's the most nervous you've ever been before a game or race?"
"sport","What's the friendliest club or team environment you've been part of?"
"sport","What did your local footy or netball club canteen do best?"
"sport","If you could add one ridiculous event to the Olympics, what is it?"
"sport","Which sport is the most overrated, and prepare to defend it?"
"sport","If you got a sponsor, what brand would you want on your shirt?"
"sport","What's your favourite Spring Racing Carnival memory, or why do you avoid it?"
"sport","What would your team's club song sound like?"
"sport","What's something you'd love us to learn together, like golf or tennis?"
"sport","Which sport have you watched a lot but never actually played?"
"sport","What was the best thing about your local club growing up?"
"sport","Do you prefer a pick-up game with strangers or a regular comp with friends?"
"sport","Have you ever been to a State of Origin game, and would you?"
"sport","Would you want to coach a kids' team one day?"
"sport","What sporting poster was on your bedroom wall?"
"sport","Who was the kid at school everyone knew would go pro?"
"sport","Which Grand Final would you most want to go back in time and attend?"
"sport","Do you think I'm a gracious winner?"
"sport","Have you ever been to a Boxing Day Test, and what was the vibe?"
"sport","Who's the greatest swimmer of all time, in your book?"
"sport","Do you love or hate the Melbourne Cup and everything around it?"
"sport","Which sport did you idolise growing up but never got to play?"
"sport","What's the most unsporting thing you've ever done?"
"sport","What were you like as a junior player, honestly?"
"sport","Should we run a marathon together somewhere amazing?"
"sport","What's a sporting comeback story that inspires you?"
"sport","What's your ideal sports holiday: watching, playing or both?"
"sport","What's one way we could stay active together that we'd actually stick to?"
"sport","Which sport do you think Australians love more than they admit?"
"sport","How competitive are you on a scale of one to ten, really?"
"sport","Were you an athletics carnival star or a canteen-line regular?"
"sport","Which sport best captures the way we work as a team?"
"sport","Would you ever change teams for love?"
"sport","What's a sport that always reminds you of us?"
"sport","What's your hot take about Formula One?"
"sport","What's the furthest you've ever run, swum or ridden?"
"sport","Would you rather watch the Tour Down Under or the Bathurst 1000 live?"
"sport","If you could create a mixed sport from two existing ones, what's the combo?"
"sport","Should VAR, DRS and score reviews exist at all?"
"sport","What's the best Commonwealth Games moment you remember?"
"sport","Which sports stadium in the world would you most love to visit?"
"sport","If you could be the best in the world at one sport for a day, which?"
"sport","Which sport has the most ridiculous rules?"
"sport","Is golf a sport or a walk with extras?"
"sport","Is darts a sport, and does it matter?"
"sport","What's a fitness goal you'd love to tick off in the next few years?"
"sport","Which sport would you want us to start playing together?"
"sport","What's the most underrated skill in any sport?"
"sport","If you were an Olympian, which event would you compete in?"
"sport","If you could take up any sport tomorrow, what would it be?"
"sport","Which sport do you reckon you'd have gone pro in with proper coaching?"
"sport","What's one piece of sports gear you've owned for way too long?"
"sport","Rain, hail or heat: what's the worst weather you've sat through for a game?"
"sport","Tell me about the most heated backyard cricket game you remember."
"sport","What's the greatest era of any sport, in your view?"
"sport","If we went to the Olympics, how many events could we realistically squeeze in?"
"sport","Which golf major would you most like to walk the course at?"
"sport","Which sport have you played that you'd never play again?"
"sport","What sport did you quit, and do you regret it?"
"sport","Who took you to your first big sporting event?"
"sport","What did you dream of becoming when you played sport as a kid?"
"sport","What's a game you couldn't watch the end of because it was too stressful?"
"sport","Which grandparent or relative was the biggest sports fan?"
"sport","What's the most epic game of beach cricket you've played?"
"sport","What's the best sporting chat you've ever had with a stranger at a game?"
"sport","What's the best match-winning moment you've ever had?"
"sport","If sport disappeared tomorrow, what would you miss most?"
"sport","What was the most legendary thing you saw in a school sports match?"
"sport","What was school sports carnival day like for you?"
"sport","If you owned a team, what would the mascot be?"
"sport","What's the best advice a coach ever gave you that wasn't about sport?"
"sport","What's one moment on the field you wish you could replay differently?"
"sport","Would you rather sit behind the goals or on the wing?"
"sport","What's one game day habit of mine you'd quietly like me to drop?"
"sport","What's the best atmosphere you've ever felt at a live sporting event?"
"sport","How would you want to celebrate if one of us finished a big race?"
"sport","What did you love about training more than game day?"
"sport","How do you celebrate a big win?"
"sport","What would your celebration dance look like if you scored in a final?"
"sport","Who taught you how to kick, throw or swing a bat?"
"sport","What's one value from sport you'd want to pass on to our kids?"
"sport","What's a sports trophy from childhood your parents still have on display?"
"sport","What's a rival team you'll never forgive, without naming them?"
"sport","Do you watch the replay after a win, or is once enough?"
"sport","What was the worst sports uniform you ever had to wear?"
"sport","If you were a racehorse, what would your racing name be?"
"sport","Would you rather watch a thrashing by your team or a thriller you might lose?"
"sport","What's one thing I do while watching sport that makes you laugh?"
"sport","If our relationship were a sport, which would it be?"
"sport","How would you handle being a sideline parent?"
"sport","Have you been to the Australian Open, and which court is your favourite?"
"sport","If we hosted the ultimate Grand Final party, what's on the run sheet?"
"sport","Who's more likely to be a sore loser, you or me?"
"sport","What's one rule change you'd make to footy?"
"sport","Which commentator voice instantly means summer to you?"
"sport","What's the most patriotic you've ever felt watching sport?"
"sport","What's the first sporting event you remember watching on TV?"
"sport","What's your take on the greatest team sport of all time?"
"sport","What's the ideal game day snack spread for the two of us?"
"sport","What beach or pool did you spend your childhood summers at?"
"sport","What's something sport has taught you that you use in everyday life?"
"sport","Which sport is the hardest in the world to play?"
"sport","What's a sporting moment that made you believe anything is possible?"
"sport","What's a sport you've fallen for just from watching it with me?"
"sport","Which sporting event overseas should we go to together one day?"
"sport","Would you rather be the coach, the team manager or the canteen hero?"
"sport","What's a sporting moment you remember exactly where you were for?"
"sport","If we hosted a Melbourne Cup party, what's our theme?"
"sport","How has your relationship with exercise changed over the years?"
"sport","What's the best sporting event you've travelled for?"
"sport","What's the loudest you've ever heard a crowd go?"
"sport","Would you rather go to Wimbledon or a Tour de France mountain stage?"
"sport","Pick your dream five-a-side team made only of our friends."
"sport","What do you do with your hands during a nail-biting finish?"
"sport","Do you prefer team sports or individual sports, and why?"
"sport","If you went back to playing, which sport and what level?"
"sport","Which umpire or referee decision still gets you fired up years later?"
"sport","What's one thing you love about watching me play or get active?"
"sport","Did you collect footy cards, swap cards or sporting memorabilia?"
"sport","Which sport would you most like me to teach you to understand properly?"
"sport","What's the best friendship you've made through sport?"
"sport","What rule would you add to make netball even more chaotic?"
"sport","What has sport taught you about teamwork that helps us as a couple?"
"sport","What's a sport you'd be too scared to try, like surfing big waves?"
"sport","What's the funniest thing you've seen happen in a crowd?"
"sport","What would a perfect day at the cricket look like for us?"
"sport","Is it okay to let a child win, or should they earn it?"
"sport","Which netball position would you play, and which would I play?"
"sport","What's the most embarrassing thing that's happened to you mid-game?"
"sport","What would be in your pre-race playlist?"
"sport","Would you rather do the Grand Prix at Albert Park or a test at the MCG?"
"sport","What's the best Melbourne sporting event that isn't footy?"
"sport","Which sport is best for a lazy Sunday arvo on the couch?"
"sport","Have you ever watched sunrise sport, like a World Cup game at 5am, at a pub?"
"sport","What Ashes moment would you want to have been at?"
"sport","What was the canteen order on sports day?"
"sport","What did your team's end-of-season trip or party look like?"
"sport","What's the most you've ever yelled at a telly?"
"sport","What's your favourite way to move your body when you're stressed?"
"sport","Do you have a lucky jersey, scarf or seat, and does it actually work?"
"sport","Do you prefer radio commentary or the TV call?"
"sport","How do you feel about losing to me at anything?"
"sport","Do you think sport brings people together or divides them more?"
"sport","What's a sport you were terrible at but loved anyway?"
"sport","Would you rather camp out for Australian Open tickets or Grand Final tickets?"
"sport","Who in your life most influenced your love of playing sport?"
"sport","If our kid hated sport, how would you feel?"
"sport","What's the best pub you've ever watched a game in?"
"sport","Would you rather watch a World Cup final or an Olympic 100m final live?"
"sport","Who was your sporting hero as a kid, without saying their name, and why?"
"sport","Would you rather be a legendary coach or a legendary player?"
"sport","Who was always the best at kick-to-kick in your street?"
"sport","Do you listen to post-match analysis or switch off at the siren?"
"sport","What's a time sport helped you through something tough?"
"sport","Would you rather watch the Rugby World Cup in New Zealand or the Football World Cup in Europe?"
"sport","How do you reset after a bad performance, in sport or at work?"
"sport","What's one sporting tradition you'd scrap entirely?"
"sport","Did you ever get a ribbon at a swimming carnival?"
"sport","Did you ever play street cricket with a wheelie bin as the stumps?"
"sport","Did you ever meet a sports star as a kid, without naming them?"
"sport","Did you have a backyard footy goal, netball ring or cricket net?"
"sport","What's your go-to celebration when you score?"
"sport","What's the most competitive you've ever been with me?"
"sport","Have you ever seen someone be a truly great loser, and what did they do?"
"sport","What's a sporting goal we could train for together this year?"
"sport","What's the most fun we've had being active together?"
"sport","What's the best half-time or quarter-time speech you ever heard?"
"sport","What role do you want sport to play in our life in twenty years?"
"sport","What's your sporting injury story, and how did it happen?"
"sport","What's your proudest moment on a field, court or track?"
"sport","What would a family sports day at our place look like?"
"sport","What's the best sporting moment you've watched with your family?"
"sport","What would your commentary nickname be?"
"sport","Day session or night session at the Australian Open?"
"sport","Rank surfing, skiing and skateboarding by how cool they look."
"sport","What's the first sport you ever properly played?"
"sport","How long does it take you to get over a bad loss?"
"sport","What's the best sporting movie ever made?"
"sport","What was your family's sport, the one everyone had to love?"
"sport","What's the worst coaching advice you ever received?"
"sport","What's a sport we could still be playing together in our seventies?"
"sport","What's your best stadium food memory?"
"sport","What has sport taught you about losing?"
"sport","Who's the worst person you've ever watched a game next to?"
"sport","What superstition have you kept long after you stopped believing in it?"
"sport","What's a pre-game pump-up routine you had as a player?"
"sport","What sport would our dog or future pet be best at?"
"sport","What's the strangest time zone you've stayed up for to watch a match?"
"sport","Do you prefer watching with a big crowd of mates or just us two?"
"sport","What's the most heartbroken you've ever been by a result?"
"sport","Which sport has the best fans, in your opinion?"
"sport","What's your non-negotiable game day ritual when your team is playing?"
"sport","What's the best game we've ever watched together?"
"sport","What's your Melbourne Cup day tradition, if you have one?"
"sport","Which sporting position suits my personality best?"
"sport","What's the most you've spent on a ticket, and was it worth it?"
"sport","What's your perfect Grand Final day from wake-up to siren?"
"sport","Who would win in a game of one-on-one basketball, you or me?"
"sport","How do I act when my team loses, honestly?"
"sport","What's your Boxing Day Test tradition, or what should ours be?"
"sport","Would you rather be really good at one sport or decent at many?"
"sport","Were you picked first or last for teams in PE class?"
"sport","Who's the most competitive person you've ever played with?"
"sport","Are you more nervous watching or playing?"
"sport","What's a sport that makes you feel most like yourself?"
"sport","What's a sporting event we should go to this summer?"
"sport","What's a sporting moment from your childhood you'd love to relive?"
"sport","What sport would you want our future kids to try first?"
"sport","What did your sports bag smell like as a teenager, honestly?"
"sport","What's a sport you've always wanted to try but felt intimidated by?"
"sport","Did you ever have a sporting idol whose poster you later took down?"
"sport","Which sport do you secretly find boring to watch but pretend you don't?"
"sport","What's a sporting event your family always watched together?"
"sport","What's your best memory from a junior sports trip away?"
"sport","What did Saturday mornings look like in your house growing up?"
"sport","Which of our friends would make the worst umpire?"
"sport","What's a sport you think should be invented?"
"sport","Did your family have a rule about one hand one bounce?"
"sport","What's the best nickname a teammate ever gave you?"
"sport","What would make you feel proud watching our kid play, win or lose?"
"intimacy","What makes you feel cherished by me day to day?"
"intimacy","What do you find most attractive about who I am, not how I look?"
"intimacy","What's your favourite way to be pulled close?"
"intimacy","How do you like to reconnect after we've been apart?"
"intimacy","How do you like affection when you're feeling low?"
"intimacy","When do you feel closest to me without a single word being said?"
"intimacy","What makes a moment feel romantic to you?"
"intimacy","What's a moment you felt completely adored by me?"
"intimacy","When do you feel most attractive?"
"intimacy","What's a way we've grown closer over time?"
"intimacy","When do you feel most in sync with me?"
"intimacy","What's a quiet moment with me that you treasure?"
"intimacy","What part of our closeness do you wish we made more time for?"
"intimacy","What's your idea of a perfect slow evening together?"
"intimacy","What makes you feel connected to me after a hard day?"
"intimacy","What helps you relax into being close with me?"
"intimacy","What would make our closeness feel even better than it already is?"
"intimacy","What's a moment between us you found really intimate, even if it wasn't obvious?"
"intimacy","What makes you feel cared for physically?"
"intimacy","What makes you feel most desired by me?"
"intimacy","What's a memory of us being close that you think about?"
"intimacy","When do you feel most wanted?"
"intimacy","What's a way I could make you feel desired without saying a word?"
"intimacy","What's a small intimacy you never want us to lose?"
"intimacy","How do you like me to show I've missed you?"
"intimacy","What makes you feel safe enough to be completely yourself with me?"
"intimacy","Is there something you've wanted to bring up or try but haven't yet?"
"intimacy","What's your favourite way we're close that has nothing to do with words?"
"intimacy","What's the most romantic thing anyone has ever done for you?"
"intimacy","What makes you feel close to me even when we're apart?"
"intimacy","What's a way we could be more affectionate day to day?"
"intimacy","Is there a way you like to be held or touched that you wish I did more?"
"intimacy","What's a look between us that says more than words could?"
"intimacy","When do you feel most physically close to me?"
"intimacy","What's something you'd love to do together that feels a bit indulgent?"
"intimacy","What's something about our closeness you're grateful for?"
"intimacy","How do you like to be reassured that I want you?"
"intimacy","When did you last feel butterflies with me?"
"intimacy","What would make you feel more connected to me right now?"
"intimacy","What makes you feel truly seen by me?"
"intimacy","Where do you most like to be touched when we're just close?"
"intimacy","What's a small gesture from me that makes you melt a little?"
"intimacy","What's something I wear or do that you find really appealing?"
"intimacy","When did you last feel really connected to me, and what were we doing?"
"intimacy","How do you most like affection shown when we're just relaxing together?"
"intimacy","What's a way I could make you feel adored this week?"
"intimacy","What does a perfect night in, just the two of us, look like?"
"intimacy","What's a compliment about you that you wish I said more?"
"intimacy","What makes you feel desired beyond the physical?"
"intimacy","What's a small touch from me that always grounds you?"
"intimacy","What's your favourite kind of slow morning together?"
"intimacy","What helps you feel safe enough to fully let your guard down with me?"
"intimacy","What's your favourite kind of hug from me?"
"intimacy","What's something new you'd like us to explore together?"
"intimacy","What's your favourite way to be kissed goodbye?"
"intimacy","What's something tender you wish happened more often?"
"intimacy","What's something small that instantly makes you feel wanted?"
"intimacy","What's something you love that we only share with each other?"
"intimacy","What's something that instantly puts you in a good mood with me?"
"intimacy","What do you love about how we are when it's just us?"
"bonus","What sport do you find most attractive watching me play?"
"bonus","What's the ultimate half-time snack to share with me on the couch?"
"bonus","What should our couples Halloween costume be this year?"
"bonus","Describe our dream home in five words."
"bonus","If we designed a family crest, what's on it?"
"bonus","Would you rather be my pit crew or my cheer squad?"
"bonus","What's your idea of the perfect dinner party for two?"
"bonus","Which of my competitive faces is the most kissable?"
"bonus","What would our theme song be?"
"bonus","What's a sporty weekend away you'd love us to plan?"
"bonus","Next ad break, plank-off: loser makes dinner. Are you in?"
"bonus","If we went on a reality show, which one would we win?"
"bonus","Name a song we have to slow dance to before the year is out."
"bonus","What would you want more of from our date nights?"
"bonus","What's something I do that makes you think, 'yep, that's my person'?"
"bonus","What's the most fun we've ever had for under ten dollars?"
"bonus","What's something flirty you've wanted to text me but didn't?"
"bonus","What sweet thing would you write in the steam on the mirror?"
"bonus","Would you rather a picnic under the stars, or breakfast in bed?"
"bonus","Loser of the next game we watch owes the winner what?"
"bonus","Would you rather a fancy dinner out, or takeaway in our pyjamas?"
"bonus","Which fairy tale is closest to our story?"
"bonus","What's a moment you thought, 'I really like this person'?"
"bonus","If you planned the perfect kiss, set the scene."
"bonus","What's something I've taught you that you love?"
"bonus","What's the best gift you've ever given me, in your opinion?"
"bonus","What's the best thing about my voice?"
"bonus","If we were starting over, how would you ask me out this time?"
"bonus","What's your favourite thing about waking up next to me?"
"bonus","What's your favourite way to fall asleep next to me?"
"bonus","What's a place that will always feel like ours?"
"bonus","What's our superhero name as a crime-fighting couple?"
"bonus","Will you let me choose your phone wallpaper for a week?"
"bonus","Would you rather meet me as a teenager or meet me at eighty?"
"bonus","Whisper your favourite memory of us in my ear."
"bonus","Would you rather slow dance in the rain, or go for a midnight swim?"
"bonus","What's the most romantic place you've never been?"
"bonus","What reward would you give me for doing the dishes all week?"
"bonus","Guess what I'm thinking about you right now."
"bonus","What's a little flirt you'd love me to do in the car?"
"bonus","What's something irresistible about me that has nothing to do with looks?"
"bonus","What's the cheekiest gift you could give me that's still PG?"
"bonus","Walk me through our perfect Saturday from start to finish."
"bonus","What's the most romantic thing you've seen me do for someone else?"
"bonus","If we could teleport for one date night, where do we go?"
"bonus","What's the best way for me to sweet-talk you out of a bad mood?"
"bonus","If our relationship came with a warning label, what would it say?"
"bonus","What's the funniest misunderstanding we've ever had?"
"bonus","When's a time you wanted to kiss me but couldn't?"
"bonus","Give our relationship a star rating and a one-line review."
"bonus","What's the most scandalous thing about me you'd tell a stranger?"
"bonus","What's a risk you'd take for me?"
"bonus","If I was your coach for a day, which drill would you flat-out refuse?"
"bonus","Describe me like a nature documentary narrator would."
"bonus","Would you rather plan a surprise date for me, or be surprised?"
"bonus","What weird skill could we learn as a couple?"
"bonus","What's the most romantic moment you've had at a sporting event?"
"bonus","If we swapped phones for a day, who panics first?"
"bonus","What's the best present I've given you that wasn't a thing at all?"
"bonus","What teenage-style date would you love to try with me?"
"bonus","What's a winter date that would have you begging to snuggle?"
"bonus","What's a playful promise you'd make me for this weekend?"
"bonus","Which of my game-day superstitions do you find cutest?"
"bonus","Which of your features do you reckon I can't resist?"
"bonus","What goofy pose should we do in our next photo?"
"bonus","What's a romantic cliche you secretly love?"
"bonus","What accent would you put on to woo me?"
"bonus","If our kitchen could talk, what would it say about us?"
"bonus","What would you write on a postcard to me from a solo trip?"
"bonus","What cheeky message would you write in my next birthday card?"
"bonus","Would you rather we have a secret language or a secret hideout?"
"bonus","If we opened a café together, what's our signature dish?"
"bonus","Would you rather a candlelit bath or a fire pit under the stars?"
"bonus","What's something about me you'd put on a billboard?"
"bonus","Recreate our first conversation as best you can remember it."
"bonus","If we were a pizza, what toppings are we?"
"bonus","What's the most attractive thing about me when I'm being competitive?"
"bonus","What's one thing I do that makes you fall for me all over again?"
"bonus","When do you find me hardest to resist?"
"bonus","If we had a secret handshake, what would it involve?"
"bonus","If we had fifty dollars and a whole day, where are we going?"
"bonus","If we met at a bar tonight as strangers, how would you chat me up?"
"bonus","What's a dare you'd never accept, even from me?"
"bonus","What love song do you reckon is secretly about us?"
"bonus","If I was a trophy, where in the house would you display me?"
"bonus","Would you rather be my sous chef or my official taste tester?"
"bonus","Would you rather always know when I'm fibbing, or never have to wonder?"
"bonus","Would you rather we be famous together or completely anonymous together?"
"bonus","When did you last feel totally in sync with me?"
"bonus","Would you rather a road trip with no plan, or a perfectly planned holiday?"
"bonus","If we played one-on-one netball right now, what's your opening sledge?"
"bonus","If we went on a dessert crawl, where's our first stop?"
"bonus","Would you rather cuddle in a hammock or in a giant beanbag?"
"bonus","Would you rather tackle me in touch footy or race me in the pool?"
"bonus","Would you rather hold hands all day or kiss on the hour every hour?"
"bonus","Would you rather get flowers every week or a handwritten note every day?"
"bonus","Would you rather slow-dance in the kitchen, or watch the sunrise together?"
"bonus","What's a dance move you'd bust out only for me?"
"bonus","What part of my personality would you bottle and sell?"
"bonus","What's the most flirty way to lose a game to me?"
"bonus","Would you rather dance badly in public with me, or sing badly at home?"
"bonus","If we had a signature cocktail, what's in it?"
"bonus","Finish this sentence: the best thing about us is..."
"bonus","If we were in a band, what's our name?"
"bonus","What's the best surprise I've ever given you?"
"bonus","What's my best flirting move, according to you?"
"bonus","What's the first thing you noticed about me that you still like?"
"bonus","If we had an extra hour together today, no phones, what do we do?"
"bonus","What dish would you cook to win me back after a fight?"
"bonus","What would your friends say is my best quality?"
"bonus","What's the most charming way to apologise to you?"
"bonus","Would you rather write me a love letter, or receive one?"
"bonus","If we woke up in each other's bodies, what's the first thing you'd do?"
"bonus","What's an adventure sport you'd only try if I held your hand?"
"bonus","What's a compliment from me you've never forgotten?"
"bonus","Would you rather a lazy Sunday in bed, or an adventure that becomes a story?"
"bonus","What's a class you'd love to take together?"
"bonus","What song should be playing if we danced down the supermarket aisle?"
"bonus","Can you hold eye contact with me for thirty seconds without laughing?"
"bonus","What's a themed date night you'd go all in on?"
"bonus","If we could swap one personality trait, which would you take from me?"
"bonus","If I was a dessert, which one would I be?"
"bonus","How could we be tourists in our own city for a day?"
"bonus","What's a game-day outfit of mine you secretly love?"
"bonus","Rate my kissing out of ten, and tell me what gets me to eleven."
"bonus","What's a text from me you've reread more than once?"
"bonus","If our love was a weather forecast, what's today's report?"
"bonus","When was the last time I took your breath away?"
"bonus","What's something I did recently that made you proud?"
"bonus","What cheeky nickname would you give me for tonight only?"
"bonus","Give me three compliments in a row without pausing."
"bonus","What do I do that makes you feel safest?"
"bonus","What's the most flirtatious thing I've done without realising?"
"bonus","What's your favourite version of me?"
"bonus","Would you rather I read you a bedtime story or sing you to sleep?"
"bonus","If you could steal one thing from my wardrobe, what's it going to be?"
"bonus","Who's more likely to cry at a movie, and which movie?"
"bonus","What's one thing I could do tonight to make you smile before bed?"
"bonus","Tell me something you love about me without using the word love."
"bonus","Which of my quirks would you fight to protect?"
"bonus","What's the most attractive thing I've ever yelled at the telly?"
"bonus","What would you engrave on a locket for me?"
"bonus","If we started a mixed social team, what are we calling it?"
"bonus","What's my most distracting habit when you're trying to concentrate?"
"bonus","Finish this: I knew you were a keeper when..."
"bonus","What's a bold compliment you've wanted to give me but held back?"
"bonus","What's our ultimate movie-night snack combo?"
"bonus","What's your favourite way I say your name?"
"bonus","Give me your best smouldering look for five seconds, go."
"bonus","What habit of ours should other couples steal?"
"bonus","If we got a puppy together, what are we naming it?"
"bonus","Would you rather dress me for a day or have me dress you?"
"bonus","If you could spend a day as my shadow, what would surprise you most?"
"bonus","If we were in a heist movie, what's my role?"
"bonus","What's the most 'couple' thing we do that we'd never admit in public?"
"bonus","When did you realise you were in trouble with me, in the best way?"
"bonus","What's something about me you brag about to your friends?"
"bonus","What's a sneaky way you'd flirt with me at a family dinner?"
"bonus","What would you wear to a game if your only goal was distracting me?"
"bonus","What was your honest first impression of my cooking?"
"bonus","What hobby would you love to watch me get obsessed with?"
"bonus","What's a habit of yours you think I find cute?"
"bonus","What's a dream holiday for just the two of us?"
"bonus","Give me three words for how I look today."
"bonus","What's a sporty date we've never done but definitely should?"
"bonus","What would you pack in my survival kit for a bad day?"
"bonus","If we could only text in emojis for a day, which one do you use most?"
"bonus","If we wrote a bucket list tonight, what's number one?"
"bonus","What's the most mischievous thing we could get away with this weekend?"
"bonus","Would you rather a cheeky wink across a crowded room or a hand squeeze under the table?"
"bonus","Sell me on a date idea like you're on a TV shopping channel."
"bonus","Pick one for tonight: deep chat, silly games, or cuddles?"
"bonus","Would you rather win a grand final or win me over all over again?"
"bonus","How would you describe our first kiss to a stranger?"
"bonus","What's something you want us to do the next time it storms?"
"bonus","Do your best impression of me getting ready to go out."
"bonus","What's something about me you'd love to know but haven't asked?"
"bonus","What's a festival you'd love to drag me along to?"
"bonus","What's the cheesiest pick-up line you'd actually use on me?"
"bonus","Kiss my hand like royalty, then tell me why you chose that move."
"bonus","If we were a doubles team, what's our signature celebration?"
"bonus","What's the most romantic text you could send me in five words?"
"bonus","What's a tiny thing that makes you want to grab my hand?"
"bonus","What do you pretend not to enjoy but secretly love doing with me?"
"bonus","If we played mini golf tonight, what's the prize for a hole in one?"
"bonus","What's a photo of me you wish you could frame?"
"bonus","What would you put in a time capsule about us?"
"bonus","What do you think I find most attractive about you?"
"bonus","Would you rather I serenade you, or write you a poem?"
"bonus","If you could freeze one moment with me forever, which one?"
"bonus","Give me a sixty-second shoulder rub, no complaints allowed."
"bonus","What's your cheekiest bet for the next match we watch together?"
"bonus","Pay me a compliment in your worst fake accent."
"bonus","What's the sweetest thing I could leave on your pillow?"
"bonus","What old-fashioned romantic gesture would you love to bring back?"
"bonus","If we were a pair of animals, which pair are we?"
"bonus","What's the best compliment you've overheard about us as a couple?"
"bonus","What's a small ritual you'd love us to start this year?"
"bonus","Would you rather know my every thought for a day, or have me know yours?"
"bonus","What silly bet should we make this week, and what's the prize?"
"bonus","Would you rather be stuck in a lift with me or on a deserted island with me?"
"bonus","What book would you love us to read together?"
"bonus","What would make an ordinary Tuesday feel special?"
"bonus","If we ran away for a week, where do we go and what do we tell people?"
"bonus","Would you rather a sunrise run together or a sunset ocean swim?"
"bonus","What's the most ridiculous argument we could have right now?"
"bonus","If we had a confession booth like on reality TV, what would you confess?"
"bonus","What's a secret talent you're saving to impress me with one day?"
"bonus","Describe the perfect victory kiss after a big win."
"bonus","What's the most spontaneous thing you'd do with me if I said yes right now?"
"bonus","Would you rather be the big romantic, or the quiet steady one?"
"bonus","What's a memory of us you'd happily relive on a loop?"
"bonus","What's a midnight date idea you'd say yes to?"
"bonus","What's a small win you want to celebrate with me this week?"
"bonus","What's something you'd love to hear me brag about you?"
"bonus","What's an outfit you'd love to see me in just once?"
"bonus","Would you rather redo our first date, or skip ahead to an anniversary?"
"bonus","What's the kindest thing I've done for you without knowing it?"
"bonus","What's the most charming thing I do around your family?"
"bonus","Finish this: if I could kiss you anywhere in the world, it'd be..."
"bonus","If you won the lotto tomorrow, what's the first thing you'd buy me?"
"bonus","On a scale of one to smitten, how are you feeling about me today?"
"bonus","What's my most underrated feature?"
"bonus","Would you rather go on a mystery date or plan every detail yourself?"
"bonus","Rank these for a date: dinner, movie, dancing, beach."
"bonus","When did you last laugh so hard with me you couldn't breathe?"
"bonus","How would you spend a snow day with me?"
"bonus","What's a tiny thing I do that you find weirdly attractive?"
"bonus","What's a habit of mine you've secretly grown to love?"
"bonus","What breakfast should I make you every birthday?"
"bonus","Would you rather play tennis with me in crisp whites or lawn bowls in matching shirts?"
"bonus","What's the cutest thing I do when I'm sleepy?"
"bonus","I dare you to write me a two-line poem right now."
"bonus","If our pets could talk, what would they say about us?"
"bonus","Tell me two truths and a lie about your feelings for me."
"bonus","What show should we binge together next, and why that one?"
"bonus","What's something cheeky you'd do if you knew nobody was watching?"
"bonus","Who hogs the blanket, and what's the penalty?"
"bonus","Quick, name three things you'd pack for a weekend away with me."
"bonus","What sport would you love me to teach you, purely for the hands-on coaching?"
"bonus","If we were stranded on an island, what's my job and what's yours?"
"bonus","Would you rather I flirt with you in public or text you something cheeky at work?"
"bonus","Forehead kisses, cheek kisses, or the full movie kind?"
"bonus","What's our dream road-trip car, and who's driving?"
"bonus","What's something you'd love us to do that no one else would need to know about?"
"bonus","What's something you'd love to hear me say more often?"
"bonus","What's the most romantic thing you could do with a torch and a blanket?"
"bonus","What's a surprise you've been wanting to plan for me?"
"bonus","What fear would you face if I was right beside you?"
"bonus","What's one thing you'd never want me to change?"
"bonus","What's something I say that makes you weak at the knees?"
"bonus","What colour would our love be, and why?"
"bonus","If we hosted a talk show, what segment would we absolutely nail?"
"bonus","What do I smell like to you?"
"bonus","What's a nickname you've thought about calling me but haven't?"
"bonus","If I gave a toast about you, what would you want me to say?"
"bonus","What's a tradition we've accidentally started?"
"bonus","If tomorrow was a free pass to be spontaneous, what happens?"
"bonus","Which of my laughs is your favourite?"
"bonus","What would be in the perfect picnic basket you packed for me?"
"bonus","What's a playful challenge you'd set the two of us?"
"bonus","I dare you to send me a flirty text tomorrow at a totally random time."
"bonus","What's a date we could pull off in our own backyard?"
"bonus","What's something you were nervous to tell me early on?"
"bonus","What compliment would make you blush right now?"
"bonus","What do you think I'm secretly brilliant at?"
"bonus","If you could pause time for one afternoon with me, what would we do?"
"bonus","If you could read my mind for one hour, when would you use it?"
"bonus","What outdoor adventure brings out the best in us?"
"bonus","If we were a pair of socks, which of us would go missing?"
"bonus","What's the most memorable kiss we've had?"
"bonus","Who's the sorer loser between us, and what's the cure?"
"bonus","What sunrise date would be worth the early alarm?"
"bonus","What's your favourite thing about my hands?"
"bonus","What's a small dare you'd take right now?"
"bonus","What jersey colour do you reckon I look best in?"
"bonus","What kind of actor would you cast to play me in a movie about us?"
"bonus","If we invented our own sport, what's the most important rule?"
"bonus","What's the most attractive thing about how I treat other people?"
"bonus","What would you wish for us on a shooting star?"
"bonus","What's the most Aussie date we could possibly go on?"
"bonus","What would a candle named after me smell like?"
"bonus","How would you explain our chemistry to a scientist?"
"bonus","Would you rather karaoke night or a silent disco with me?"
"bonus","What board game are we a dangerous team at?"
"bonus","In one word, how did our last kiss feel?"
"bonus","What movie couple do you reckon we're secretly like?"
"bonus","What's a new tradition we could start for our anniversary?"
"bonus","Who's the bigger flirt between us, really?"
"bonus","What flirty emoji combo sums me up?"
"bonus","Where would you take me for the perfect rainy-day date?"
"bonus","If we had a holiday all of our own, what would we call it?"
"bonus","If we wrote a cookbook together, what's the title?"
"bonus","If you could add one thing to our shared calendar this month, what is it?"
"bonus","What's a sneaky way you show me love that I might have missed?"
"bonus","What quality of mine would you love to rub off on you?"
"bonus","If we bet a back massage on tonight's game, who are you tipping?"
"bonus","Would you rather win a trip to Paris or a weekend in a beach shack?"
"bonus","If you were invisible for a day, how would you prank me?"
"bonus","What's one thing about me that still surprises you?"
"bonus","What's one small change to our routine that would make it more fun?"
"bonus","Where's the best spot for a long, slow chat with me?"
"bonus","What's the funniest thing you could hide in my lunchbox?"
"bonus","If we had to get matching tattoos, what are we getting?"
"bonus","If we could only eat one cuisine together forever, which one?"
"bonus","I dare you to plan our next date out loud in under a minute."
"bonus","What's a childhood outing you'd love to recreate with me?"
"bonus","What's a harmless rule you'd love to break with me?"
"bonus","Would you rather we speak only in movie quotes or song lyrics for an hour?"
"bonus","If I planned a surprise, what would you secretly hope it was?"
"bonus","How would you describe me in one sentence to someone who's never met me?"
"bonus","Who was your most embarrassing crush before me?"
"bonus","What's a compliment you're a bit too shy to say out loud?"
"bonus","What's a date we've done once that deserves a sequel?"
"bonus","What's the most fun way to spend a public holiday with me?"
"bonus","Describe me using only food words."
"bonus","What's your favourite thing about watching sport snuggled up with me?"
"bonus","If tonight had no rules, what would you want it to be?"
"bonus","If our love story became a musical, what's the big showstopper number?"
"bonus","Would you rather have a pet named after me or a star named after you?"
"bonus","What's something you'd love to whisper to me but usually don't?"
"bonus","What's a spot within three hours' drive we still haven't explored together?"
"bonus","How would you love me to greet you when you get home?"
"bonus","If you could add one rule to our home, what would it be?"
"bonus","What fancy restaurant dinner could we fake at home?"
"bonus","Would you rather find a love note in your lunchbox or on the bathroom mirror?"
"bonus","What one word would you use to describe my smile?"
"bonus","What tiny luxury would you love me to spoil you with?"
"bonus","What ridiculous matching outfit would you wear with me in public?"
"bonus","Pitch our first date to me like it's a movie trailer."
"bonus","Where would you love to steal a kiss?"
"bonus","What am I doing right now that you find cute?"
"bonus","What's a tiny adventure we could have this week?"
"bonus","Would you rather share one giant dessert or have two small ones each?"
"bonus","If our love story was a book, what's chapter one called?"
"bonus","If you could give me one superpower, which would you pick?"
"bonus","What's a secret you'd only tell me after midnight?"
"bonus","Would you rather I cook you breakfast every day or plan a surprise every month?"
"bonus","If you had to describe our love in three words, what are they?"
"bonus","What's a playful punishment for whoever forgets to text back?"
"bonus","What's my best angle, honestly?"
"bonus","What should I wear on our next date to make you blush?"
"bonus","If you planned a date entirely around my favourite things, what's on the agenda?"
"bonus","Tickle fight or pillow fight, and who wins?"
"bonus","What's a moment you were proud to be seen with me?"
"bonus","What outfit of mine should I wear way more often?"
"bonus","Will you let me pick your outfit for our next date?"
"bonus","What's the pettiest thing we've ever disagreed about?"
"bonus","Would you rather spend a rainy day in a bookshop or a cinema with me?"
"bonus","What's a look I give that you can read instantly?"
"bonus","What's a cheap and cheerful date that never fails us?"
"bonus","Who'd last longer in a zombie apocalypse, and would you save me?"
"bonus","If you could have dinner with me at any age, which age would you pick?"
"bonus","Which love language do you wish I spoke more fluently?"
"bonus","Who's more likely to plan a surprise and accidentally spoil it?"
"bonus","What's a post-match ritual you'd love us to have?"
"bonus","What's a date idea that would make us both nervous in a good way?"
"bonus","If I made you a playlist, what's the first track you'd hope for?"
"bonus","What part of our morning routine would you never give up?"
"bonus","Rate my flirting skills, and give me one tip to improve."
"bonus","How could I flirt with you in a way you'd never see coming?"
"bonus","What position would I play on your dream team, and why?"
"bonus","What's a little adventure you'd say yes to tonight?"
"bonus","Would you rather a lazy day at the cricket or a loud night at the footy with me?"
"bonus","Would you rather spend a week camping or a week in a fancy hotel with me?"
"bonus","Would you rather cook together, or be cooked for?"
"bonus","What's a song you'd dedicate to me on the radio?"
"bonus","Draw a portrait of me in ten seconds, then defend it."
"bonus","If you were commentating me getting ready for a date, what's the call?"
"bonus","Would you rather laugh until we cry, or talk until sunrise?"
"bonus","What perfume or cologne do you reckon suits me best?"
"bonus","If we each planned half a date, what's your half?"
"bonus","What's the cheekiest thing you've ever thought about me in public?"
"bonus","If I kicked the winning goal, how would you celebrate in the stands?"
"bonus","If you could relive one of our dates, which one?"
"bonus","How long could you go without kissing me before cracking?"
"bonus","What's the most 'us' meal, however unhealthy?"
"bonus","If we had a couples cooking show, what's our catchphrase?"
"bonus","What's a silly thing you've done just to make me smile?"
"bonus","Would you rather plan my birthday or have me plan yours?"
